country,continent,year,gdpPerCap,lifeExp,pop
Afghanistan,Asia,2009,1454.6630148346899,60.483999999999995,28394813
Afghanistan,Asia,2010,1637.3779870888,61.028,29185507
Afghanistan,Asia,2011,1626.76479325583,61.553000000000004,30117413
Afghanistan,Asia,2012,1806.7639297532603,62.053999999999995,31161376
Afghanistan,Asia,2013,1874.7656344942002,62.525,32269589
Afghanistan,Asia,2014,1897.5259375952103,62.966,33370794
Afghanistan,Asia,2015,1886.6929769036103,63.376999999999995,34413603
Afghanistan,Asia,2016,1896.9925195748199,63.763000000000005,35383128
Afghanistan,Asia,2017,1934.6367541203501,64.13,36296400
Albania,Europe,2009,8814.79960576386,76.221,2927519
Albania,Europe,2010,9628.01801665153,76.562,2913021
Albania,Europe,2011,10207.751719347,76.914,2905195
Albania,Europe,2012,10526.2356037242,77.252,2900401
Albania,Europe,2013,10571.0133906469,77.554,2895092
Albania,Europe,2014,11259.2288794822,77.813,2889104
Albania,Europe,2015,11662.0343838096,78.025,2880703
Albania,Europe,2016,11868.1779203019,78.194,2876101
Albania,Europe,2017,12930.1372840019,78.333,2873457
Algeria,Africa,2009,12291.7607653725,74.64399999999999,35333881
Algeria,Africa,2010,12656.372081746598,74.938,35977455
Algeria,Africa,2011,13046.3699622677,75.199,36661444
Algeria,Africa,2012,13479.6805812833,75.436,37383887
Algeria,Africa,2013,13816.360047887,75.661,38140132
Algeria,Africa,2014,14317.042718011398,75.878,38923687
Algeria,Africa,2015,14710.730106735,76.09,39728025
Algeria,Africa,2016,15050.432189866398,76.298,40551404
Algeria,Africa,2017,15266.4852082981,76.499,41389198
Angola,Africa,2009,6092.78324495025,54.31100000000001,22514281
Angola,Africa,2010,6230.297027945389,55.35,23356246
Angola,Africa,2011,6346.39512245023,56.33,24220661
Angola,Africa,2012,6772.528333315,57.236000000000004,25107931
Angola,Africa,2013,6980.42303770718,58.053999999999995,26015780
Angola,Africa,2014,7199.24547788095,58.776,26941779
Angola,Africa,2015,7096.600614952209,59.398,27884381
Angola,Africa,2016,6756.93507436951,59.925,28842484
Angola,Africa,2017,6650.584939847779,60.379,29816748
Antigua and Barbuda,Americas,2009,21875.2347891364,75.683,86746
Antigua and Barbuda,Americas,2010,20237.6727687085,75.82300000000001,88028
Antigua and Barbuda,Americas,2011,19953.1927712162,75.956,89253
Antigua and Barbuda,Americas,2012,20779.8250306909,76.087,90409
Antigua and Barbuda,Americas,2013,20867.0284600855,76.218,91516
Antigua and Barbuda,Americas,2014,22000.750283060097,76.34899999999999,92562
Antigua and Barbuda,Americas,2015,22882.9702199058,76.483,93566
Antigua and Barbuda,Americas,2016,24177.959720243798,76.617,94527
Antigua and Barbuda,Americas,2017,25145.5412294362,76.752,95426
Argentina,Americas,2009,16753.3948879075,75.116,40482788
Argentina,Americas,2010,18524.856756023,75.278,40788453
Argentina,Americas,2011,19817.4504765479,75.439,41261490
Argentina,Americas,2012,19764.2250139108,75.598,41733271
Argentina,Americas,2013,20365.6133493801,75.756,42202935
Argentina,Americas,2014,20008.3206437752,75.913,42669500
Argentina,Americas,2015,20551.8331920467,76.068,43131966
Argentina,Americas,2016,20130.4080257871,76.221,43590368
Argentina,Americas,2017,20843.1550677175,76.372,44044811
Armenia,Europe,2009,6326.6579685896495,73.118,2888092
Armenia,Europe,2010,6565.678660428879,73.331,2877319
Armenia,Europe,2011,7019.76774846004,73.572,2876538
Armenia,Europe,2012,7649.061531233579,73.82,2884229
Armenia,Europe,2013,8003.0877626689,74.056,2897584
Armenia,Europe,2014,8405.073654717859,74.273,2912403
Armenia,Europe,2015,8727.38544723722,74.467,2925553
Armenia,Europe,2016,8808.57271425944,74.64,2936146
Armenia,Europe,2017,9620.818491000358,74.797,2944809
Australia,Asia,2009,40300.3082316095,81.54390243902441,21691700
Australia,Asia,2010,39324.368953004196,81.6951219512195,22031750
Australia,Asia,2011,41965.3584189919,81.89512195121951,22340024
Australia,Asia,2012,42826.789579996,82.04634146341459,22733465
Australia,Asia,2013,45902.047948360996,82.14878048780491,23128129
Australia,Asia,2014,46880.2206571585,82.3,23475686
Australia,Asia,2015,46270.19739870651,82.4,23815995
Australia,Asia,2016,47352.111609130596,82.44878048780491,24190907
Australia,Asia,2017,49653.7158885249,82.4975609756098,24601860
Austria,Europe,2009,40926.523764567595,80.3317073170732,8343323
Austria,Europe,2010,42006.0468807427,80.58048780487809,8363404
Austria,Europe,2011,44452.732745799905,80.9829268292683,8391643
Austria,Europe,2012,46457.34577703111,80.9365853658537,8429991
Austria,Europe,2013,47922.0491207455,81.1365853658537,8479823
Austria,Europe,2014,48799.715467698494,81.490243902439,8546356
Austria,Europe,2015,49877.7133112879,81.19024390243901,8642699
Austria,Europe,2016,51655.5030888825,81.6414634146342,8736668
Austria,Europe,2017,53879.29785451679,81.6414634146342,8797566
Azerbaijan,Europe,2009,15162.8877986052,70.597,8947243
Azerbaijan,Europe,2010,15884.044788373401,70.938,9054332
Azerbaijan,Europe,2011,15754.1523626148,71.234,9173082
Azerbaijan,Europe,2012,16193.395665431899,71.506,9295784
Azerbaijan,Europe,2013,17216.1785349866,71.768,9416801
Azerbaijan,Europe,2014,17808.9018991513,72.02199999999999,9535079
Azerbaijan,Europe,2015,17973.090667226297,72.266,9649341
Azerbaijan,Europe,2016,17417.0866946634,72.493,9757812
Azerbaijan,Europe,2017,17525.2796310656,72.693,9854033
Bahamas,Americas,2009,28760.512858716298,72.067,349604
Bahamas,Americas,2010,29099.0572098722,72.14399999999999,354942
Bahamas,Americas,2011,29503.7080684624,72.263,359577
Bahamas,Americas,2012,30656.0767543286,72.42399999999999,363584
Bahamas,Americas,2013,30762.7939391795,72.62,367168
Bahamas,Americas,2014,31005.8010980643,72.847,370633
Bahamas,Americas,2015,31362.4791822494,73.08800000000001,374206
Bahamas,Americas,2016,30862.538355007597,73.329,377931
Bahamas,Americas,2017,31581.104389648797,73.554,381761
Bahrain,Asia,2009,39423.0816939165,75.913,1185076
Bahrain,Asia,2010,39740.461091425,76.057,1240860
Bahrain,Asia,2011,40168.290769165294,76.2,1278151
Bahrain,Asia,2012,41754.6896622274,76.342,1299943
Bahrain,Asia,2013,44274.9670633247,76.484,1315029
Bahrain,Asia,2014,46333.3989015602,76.624,1336075
Bahrain,Asia,2015,46912.9041636047,76.762,1371851
Bahrain,Asia,2016,47215.5509961317,76.899,1425791
Bahrain,Asia,2017,47660.4799076737,77.032,1494074
Bangladesh,Asia,2009,2335.9187165703897,69.485,145924797
Bangladesh,Asia,2010,2466.90294875237,69.881,147575430
Bangladesh,Asia,2011,2650.72993332452,70.256,149273778
Bangladesh,Asia,2012,2844.70256475036,70.60600000000001,151007807
Bangladesh,Asia,2013,3033.40463211438,70.93,152764676
Bangladesh,Asia,2014,3240.88562338782,71.23100000000001,154520167
Bangladesh,Asia,2015,3451.3985067161702,71.514,156256276
Bangladesh,Asia,2016,3696.7761931522296,71.785,157970840
Bangladesh,Asia,2017,3998.4194235514897,72.05199999999999,159670593
Barbados,Americas,2009,15774.814894369,78.27199999999999,281104
Barbados,Americas,2010,15942.746533594,78.36399999999999,282131
Barbados,Americas,2011,16333.199116015501,78.456,282987
Barbados,Americas,2012,16651.2935264519,78.547,283700
Barbados,Americas,2013,16909.5183800771,78.633,284296
Barbados,Americas,2014,17200.538605050802,78.717,284825
Barbados,Americas,2015,17510.9760071399,78.801,285324
Barbados,Americas,2016,18027.9583098538,78.888,285796
Barbados,Americas,2017,18526.008560408,78.98100000000001,286233
Belarus,Europe,2009,14580.5808004617,70.4073170731707,9506765
Belarus,Europe,2010,15927.874703797701,70.4048780487805,9490583
Belarus,Europe,2011,17166.6956434719,70.5536585365854,9473172
Belarus,Europe,2012,17807.4177410243,71.9658536585366,9464495
Belarus,Europe,2013,18298.847064961297,72.4707317073171,9465997
Belarus,Europe,2014,18949.8824399732,72.9707317073171,9474511
Belarus,Europe,2015,18389.7437503155,73.6243902439025,9489616
Belarus,Europe,2016,18098.422859526698,73.8268292682927,9501534
Belarus,Europe,2017,18915.9398914361,74.12926829268291,9498264
Belgium,Europe,2009,38008.8318042255,80.0341463414634,10796493
Belgium,Europe,2010,40051.9559032756,80.1829268292683,10895586
Belgium,Europe,2011,41284.1510136804,80.5853658536585,11038264
Belgium,Europe,2012,42435.9092509865,80.3853658536585,11106932
Belgium,Europe,2013,43611.072914714,80.5878048780488,11159407
Belgium,Europe,2014,44604.511050253896,81.2878048780488,11209057
Belgium,Europe,2015,45592.356176272006,80.9926829268293,11274196
Belgium,Europe,2016,47214.180639763894,81.4390243902439,11331422
Belgium,Europe,2017,49411.8690997742,81.4390243902439,11375158
Belize,Americas,2009,7533.770788083821,71.541,314655
Belize,Americas,2010,7688.617870513341,72.057,322464
Belize,Americas,2011,7830.225867222991,72.57,330237
Belize,Americas,2012,8026.17277805109,73.044,338000
Belize,Americas,2013,8052.7944579114,73.452,345715
Belize,Americas,2014,8323.89335759415,73.782,353366
Belize,Americas,2015,8519.20027555645,74.03399999999999,360933
Belize,Americas,2016,8388.182052607091,74.219,368400
Belize,Americas,2017,8500.444799660809,74.365,375769
Benin,Africa,2009,1773.7297707974399,59.00899999999999,8944708
Benin,Africa,2010,1781.5633173483102,59.318000000000005,9199259
Benin,Africa,2011,1820.8893040888001,59.59,9460830
Benin,Africa,2012,1891.5303879857897,59.842,9729248
Benin,Africa,2013,2006.3278813753602,60.092,10004588
Benin,Africa,2014,2114.48031526958,60.345,10286842
Benin,Africa,2015,2122.2355917603304,60.608000000000004,10575952
Benin,Africa,2016,2169.75580683695,60.885,10872067
Benin,Africa,2017,2276.59572978031,61.174,11175204
Bhutan,Asia,2009,5967.750808110451,67.882,678323
Bhutan,Asia,2010,6674.86281963521,68.384,685503
Bhutan,Asia,2011,7269.3431327835,68.84,693298
Bhutan,Asia,2012,7692.581536758409,69.263,701583
Bhutan,Asia,2013,7897.8544941460095,69.66199999999999,710238
Bhutan,Asia,2014,8405.26969561394,70.046,719056
Bhutan,Asia,2015,8949.83705919535,70.419,727876
Bhutan,Asia,2016,9656.33926201132,70.781,736709
Bhutan,Asia,2017,10173.0510685791,71.12899999999999,745568
Bolivia,Americas,2009,5045.3312726883505,67.476,9884781
Bolivia,Americas,2010,5228.11532912655,68.007,10048590
Bolivia,Americas,2011,5524.71779777385,68.521,10212954
Bolivia,Americas,2012,5825.13998452263,69.01,10377676
Bolivia,Americas,2013,6231.296344999039,69.468,10542376
Bolivia,Americas,2014,6593.2329821835,69.891,10706517
Bolivia,Americas,2015,6882.48891604412,70.277,10869730
Bolivia,Americas,2016,7147.839209837329,70.626,11031813
Bolivia,Americas,2017,7480.0771405755795,70.945,11192854
Bosnia and Herzegovina,Europe,2009,9030.46433192636,75.844,3735938
Bosnia and Herzegovina,Europe,2010,9347.583517221241,76.031,3705472
Bosnia and Herzegovina,Europe,2011,9976.47966210109,76.219,3661175
Bosnia and Herzegovina,Europe,2012,10304.0164615688,76.40100000000001,3604972
Bosnia and Herzegovina,Europe,2013,11016.582851167701,76.569,3542605
Bosnia and Herzegovina,Europe,2014,11433.1605263408,76.723,3482104
Bosnia and Herzegovina,Europe,2015,12013.9829179346,76.865,3429361
Bosnia and Herzegovina,Europe,2016,12824.0361342552,76.998,3386267
Bosnia and Herzegovina,Europe,2017,13735.0785041602,77.128,3351527
Botswana,Africa,2009,12007.2323898495,58.446999999999996,1953498
Botswana,Africa,2010,12964.3514434681,60.211000000000006,1987105
Botswana,Africa,2011,13838.6028216807,61.91,2015402
Botswana,Africa,2012,14558.066408595501,63.511,2039551
Botswana,Africa,2013,16310.1028852827,64.976,2062536
Botswana,Africa,2014,17092.1222420147,66.265,2088614
Botswana,Africa,2015,16724.5177802601,67.33800000000001,2120716
Botswana,Africa,2016,17314.7804034064,68.178,2159944
Botswana,Africa,2017,17784.855810529498,68.812,2205128
Brazil,Americas,2009,13288.4388133052,73.3,193886508
Brazil,Americas,2010,14320.372281227701,73.619,195713635
Brazil,Americas,2011,15061.9566296437,73.921,197514534
Brazil,Americas,2012,15506.561712351498,74.209,199287296
Brazil,Americas,2013,16111.4437445732,74.483,201035903
Brazil,Americas,2014,16358.3908596392,74.745,202763735
Brazil,Americas,2015,15813.8732646232,74.994,204471769
Brazil,Americas,2016,15331.5505756438,75.23,206163058
Brazil,Americas,2017,15662.247017596299,75.456,207833831
Brunei,Asia,2009,76961.8121969625,74.623,383906
Brunei,Asia,2010,78907.8712160233,74.74,388646
Brunei,Asia,2011,82502.9352973488,74.852,393688
Brunei,Asia,2012,83725.4210256357,74.962,398989
Brunei,Asia,2013,82263.49830657769,75.075,404421
Brunei,Asia,2014,80782.03149741191,75.193,409769
Brunei,Asia,2015,80177.75611855151,75.318,414907
Brunei,Asia,2016,78134.6665209268,75.45,419800
Brunei,Asia,2017,79789.60508529481,75.585,424473
Bulgaria,Europe,2009,14146.106896424599,73.4121951219512,7444443
Bulgaria,Europe,2010,14934.132741045,73.5121951219512,7395599
Bulgaria,Europe,2011,15676.1333354642,74.1634146341464,7348328
Bulgaria,Europe,2012,16208.2204291165,74.31463414634149,7305888
Bulgaria,Europe,2013,16571.028761691003,74.8609756097561,7265115
Bulgaria,Europe,2014,17534.3032559292,74.4658536585366,7223938
Bulgaria,Europe,2015,18186.487227858797,74.6146341463415,7177991
Bulgaria,Europe,2016,19500.3294529732,74.8121951219512,7127822
Bulgaria,Europe,2017,20948.1942754245,74.8121951219512,7075947
Burkina Faso,Africa,2009,1348.00597328637,56.376999999999995,15141098
Burkina Faso,Africa,2010,1394.25310032017,57.096000000000004,15605217
Burkina Faso,Africa,2011,1472.7158413796399,57.761,16081911
Burkina Faso,Africa,2012,1550.63068365825,58.373999999999995,16571246
Burkina Faso,Africa,2013,1620.2053687123,58.937,17072775
Burkina Faso,Africa,2014,1672.0234371632,59.45,17586017
Burkina Faso,Africa,2015,1704.85964271681,59.919,18110624
Burkina Faso,Africa,2016,1773.31883763898,60.354,18646378
Burkina Faso,Africa,2017,1866.1706199357102,60.768,19193284
Burundi,Africa,2009,698.1735533075599,56.488,8397668
Burundi,Africa,2010,718.714469129813,57.228,8675602
Burundi,Africa,2011,739.2192549739079,57.925,8958406
Burundi,Africa,2012,762.422479525263,58.568000000000005,9245988
Burundi,Africa,2013,788.893782672753,59.148,9540289
Burundi,Africa,2014,812.0300435694239,59.665,9844297
Burundi,Africa,2015,764.195763296907,60.123000000000005,10160030
Burundi,Africa,2016,743.9035975857339,60.528,10487998
Burundi,Africa,2017,737.97858286726,60.898,10827024
Cambodia,Asia,2009,2340.5585667363603,66.014,14093604
Cambodia,Asia,2010,2470.70415544817,66.56,14312212
Cambodia,Asia,2011,2658.06255249593,67.043,14541423
Cambodia,Asia,2012,2860.1467341350203,67.48,14780454
Cambodia,Asia,2013,3073.31814304088,67.888,15026332
Cambodia,Asia,2014,3300.61675016636,68.273,15274503
Cambodia,Asia,2015,3513.82355956649,68.637,15521436
Cambodia,Asia,2016,3742.95879264866,68.977,15766293
Cambodia,Asia,2017,4019.6799851104497,69.289,16009414
Cameroon,Africa,2009,2767.9748361416496,54.626999999999995,19789919
Cameroon,Africa,2010,2817.57272221604,55.101000000000006,20341241
Cameroon,Africa,2011,2914.2376674035,55.581,20906388
Cameroon,Africa,2012,3021.4092004632203,56.073,21485266
Cameroon,Africa,2013,3153.6823575895896,56.576,22077298
Cameroon,Africa,2014,3311.73400510575,57.083,22681858
Cameroon,Africa,2015,3442.73447978125,57.583,23298368
Cameroon,Africa,2016,3546.5445601723204,58.063,23926539
Cameroon,Africa,2017,3644.80109612329,58.511,24566045
Canada,Americas,2009,38797.385049463795,80.9951219512195,33628895
Canada,Americas,2010,40012.3913979895,81.2463414634146,34004889
Canada,Americas,2011,41569.449617197,81.44878048780491,34339328
Canada,Americas,2012,42189.196109671204,81.64878048780491,34714222
Canada,Americas,2013,44188.73170799889,81.74878048780491,35082954
Canada,Americas,2014,45645.5642968788,81.8,35437435
Canada,Americas,2015,44567.8663498079,81.9,35702908
Canada,Americas,2016,45011.6431674509,82.142243902439,36109487
Canada,Americas,2017,46723.3177643637,82.2489756097561,36540268
Central African Republic,Africa,2009,919.408558925555,46.718999999999994,4337625
Central African Republic,Africa,2010,962.291972167769,47.312,4386768
Central African Republic,Africa,2011,1016.2185519224801,47.95,4418636
Central African Republic,Africa,2012,1083.68992545175,48.638000000000005,4436415
Central African Republic,Africa,2013,703.492410361881,49.371,4447942
Central African Republic,Africa,2014,715.032744745509,50.129,4464175
Central African Republic,Africa,2015,750.7770135087441,50.881,4493170
Central African Republic,Africa,2016,789.1651917491789,51.593,4537687
Central African Republic,Africa,2017,829.346498086113,52.24,4596028
Chad,Africa,2009,1688.08228231936,50.346000000000004,11560147
Chad,Africa,2010,1875.55726137629,50.89,11952136
Chad,Africa,2011,1852.9381558882899,51.424,12360989
Chad,Africa,2012,1988.0648231918499,51.928000000000004,12784750
Chad,Africa,2013,2067.7964673923802,52.386,13220424
Chad,Africa,2014,2179.24774129876,52.788999999999994,13663559
Chad,Africa,2015,2191.74179538487,53.137,14110975
Chad,Africa,2016,2012.8173159486898,53.438,14561666
Chad,Africa,2017,1929.4727515883499,53.711999999999996,15016773
Chile,Americas,2009,16159.605234049099,78.558,16886186
Chile,Americas,2010,18161.8039224929,78.779,17062536
Chile,Americas,2011,20342.5709204911,78.986,17233576
Chile,Americas,2012,21507.707402790802,79.176,17400347
Chile,Americas,2013,22439.278355963797,79.34899999999999,17571507
Chile,Americas,2014,22786.655602400097,79.50399999999999,17758959
Chile,Americas,2015,22688.0100281186,79.646,17969353
Chile,Americas,2016,22874.1494182585,79.779,18209068
Chile,Americas,2017,24248.8607595513,79.90899999999999,18470439
China,Asia,2009,8352.6899334296,74.119,1331260000
China,Asia,2010,9303.73369972087,74.40899999999999,1337705000
China,Asia,2011,10355.4957126354,74.708,1344130000
China,Asia,2012,11328.2817147723,75.013,1350695000
China,Asia,2013,12361.397971483899,75.321,1357380000
China,Asia,2014,13446.402394171299,75.62899999999999,1364270000
China,Asia,2015,14454.9979691089,75.928,1371220000
China,Asia,2016,15513.273043404899,76.21,1378665000
China,Asia,2017,16782.2077583531,76.47,1386395000
Colombia,Americas,2009,10274.4898568749,75.193,44750054
Colombia,Americas,2010,10732.7490513916,75.42399999999999,45222700
Colombia,Americas,2011,11650.199492694199,75.655,45663099
Colombia,Americas,2012,12226.285837213201,75.882,46076848
Colombia,Americas,2013,12891.3793106059,76.105,46497267
Colombia,Americas,2014,13618.1243607169,76.322,46969209
Colombia,Americas,2015,14006.153584343301,76.531,47520667
Colombia,Americas,2016,14259.6093025498,76.732,48171392
Colombia,Americas,2017,14507.261250854599,76.925,48901066
Comoros,Africa,2009,2318.43019554029,61.475,673252
Comoros,Africa,2010,2376.53888568488,61.861999999999995,689692
Comoros,Africa,2011,2465.32491834502,62.24,706569
Comoros,Africa,2012,2531.0379766874803,62.595,723871
Comoros,Africa,2013,2627.34390039639,62.922,741505
Comoros,Africa,2014,2668.89523057595,63.214,759390
Comoros,Africa,2015,2663.8446632393698,63.471000000000004,777424
Comoros,Africa,2016,2689.06012554025,63.7,795592
Comoros,Africa,2017,2751.08790965604,63.912,813892
"Congo, Dem. Rep.",Africa,2009,616.658619394968,56.35,62448574
"Congo, Dem. Rep.",Africa,2010,646.295395289685,56.909,64563854
"Congo, Dem. Rep.",Africa,2011,682.007331979067,57.427,66755153
"Congo, Dem. Rep.",Africa,2012,719.914258986702,57.913999999999994,69020747
"Congo, Dem. Rep.",Africa,2013,768.644915678846,58.381,71358807
"Congo, Dem. Rep.",Africa,2014,829.362645550838,58.828,73767447
"Congo, Dem. Rep.",Africa,2015,867.088357369135,59.254,76244544
"Congo, Dem. Rep.",Africa,2016,868.6133562184891,59.655,78789127
"Congo, Dem. Rep.",Africa,2017,888.6772799659719,60.026,81398764
"Congo, Rep.",Africa,2009,4886.38366885052,59.321000000000005,4145391
"Congo, Rep.",Africa,2010,5214.5027819979605,60.093,4273731
"Congo, Rep.",Africa,2011,5353.80429630661,60.785,4394844
"Congo, Rep.",Africa,2012,5518.96742184187,61.423,4510198
"Congo, Rep.",Africa,2013,5667.5957990405705,62.022,4622761
"Congo, Rep.",Africa,2014,6017.67194682472,62.582,4736974
"Congo, Rep.",Africa,2015,6089.839655240849,63.097,4856095
"Congo, Rep.",Africa,2016,5833.995643595141,63.556000000000004,4980999
"Congo, Rep.",Africa,2017,5614.398973966209,63.95399999999999,5110702
Costa Rica,Americas,2009,12058.523821364099,78.626,4520740
Costa Rica,Americas,2010,12644.6966536305,78.76899999999999,4577378
Costa Rica,Americas,2011,13302.9282818466,78.919,4633086
Costa Rica,Americas,2012,14041.99377527,79.074,4688000
Costa Rica,Americas,2013,14445.8983598475,79.234,4742107
Costa Rica,Americas,2014,15067.3111823318,79.398,4795396
Costa Rica,Americas,2015,15610.879550186699,79.565,4847804
Costa Rica,Americas,2016,16278.6019026601,79.738,4899345
Costa Rica,Americas,2017,16976.1874153378,79.914,4949954
Cote d'Ivoire,Africa,2009,2596.89747661314,52.313,20059147
Cote d'Ivoire,Africa,2010,2618.3189197938,52.964,20532950
Cote d'Ivoire,Africa,2011,2495.4951245667103,53.62,21028655
Cote d'Ivoire,Africa,2012,2747.90052339675,54.271,21547188
Cote d'Ivoire,Africa,2013,2970.20233832225,54.906000000000006,22087505
Cote d'Ivoire,Africa,2014,3211.09974493266,55.508,22647683
Cote d'Ivoire,Africa,2015,3444.4497997687104,56.065,23226143
Cote d'Ivoire,Africa,2016,3665.55048579924,56.567,23822714
Cote d'Ivoire,Africa,2017,3921.7133363581897,57.016999999999996,24437469
Croatia,Europe,2009,20034.7358021546,76.1682926829269,4305181
Croatia,Europe,2010,19780.6525388971,76.4756097560976,4295427
Croatia,Europe,2011,20758.557316628998,76.7756097560976,4280622
Croatia,Europe,2012,21156.5833883975,76.92439024390241,4267558
Croatia,Europe,2013,21807.1249497456,77.12682926829271,4255689
Croatia,Europe,2014,22077.130087523903,77.4780487804878,4238389
Croatia,Europe,2015,23008.2093094549,77.2756097560976,4203604
Croatia,Europe,2016,24524.4840493517,78.0219512195122,4174349
Croatia,Europe,2017,26295.6003270488,77.8268292682927,4124531
Cyprus,Europe,2009,33888.2852261088,79.245,1098083
Cyprus,Europe,2010,33230.798941129906,79.43,1112612
Cyprus,Europe,2011,33192.336901327,79.62100000000001,1124833
Cyprus,Europe,2012,31914.6834217479,79.812,1135046
Cyprus,Europe,2013,30620.8621496663,79.999,1143866
Cyprus,Europe,2014,30390.6080662609,80.178,1152285
Cyprus,Europe,2015,31578.3544277306,80.35,1160985
Cyprus,Europe,2016,33682.479081484904,80.513,1170187
Cyprus,Europe,2017,36155.4807539388,80.672,1179680
Czech Republic,Europe,2009,27599.3008601602,77.07804878048779,10443936
Czech Republic,Europe,2010,27667.432895305297,77.42439024390251,10474410
Czech Republic,Europe,2011,28797.417961169103,77.87317073170729,10496088
Czech Republic,Europe,2012,29047.246439594903,78.07560975609759,10510785
Czech Republic,Europe,2013,30485.714154111298,78.1756097560976,10514272
Czech Republic,Europe,2014,32263.3157548997,78.8243902439024,10525347
Czech Republic,Europe,2015,33691.4242392608,78.57804878048779,10546059
Czech Republic,Europe,2016,35230.5224608776,79.0268292682927,10566332
Czech Republic,Europe,2017,38019.5805142033,79.4756097560976,10594438
Denmark,Europe,2009,40339.6771281296,78.5975609756098,5523095
Denmark,Europe,2010,42999.616135066004,79.1,5547683
Denmark,Europe,2011,44403.3848413929,79.8,5570572
Denmark,Europe,2012,44803.968242121395,80.05121951219509,5591572
Denmark,Europe,2013,46726.8541437832,80.3,5614932
Denmark,Europe,2014,47901.4473627066,80.7,5643475
Denmark,Europe,2015,49058.5010658416,80.7024390243902,5683483
Denmark,Europe,2016,50694.1921884446,80.85365853658541,5728010
Denmark,Europe,2017,54356.4510191378,81.0048780487805,5764980
Djibouti,Africa,2011,2744.26865451208,60.667,853674
Dominican Republic,Americas,2009,10283.1614744151,71.806,9576737
Dominican Republic,Americas,2010,11132.9376439176,72.046,9695121
Dominican Republic,Americas,2011,11580.568776398,72.28399999999999,9813210
Dominican Republic,Americas,2012,11979.7022644985,72.523,9930911
Dominican Republic,Americas,2013,12634.9645713728,72.763,10048224
Dominican Republic,Americas,2014,13697.636931106,73.003,10165178
Dominican Republic,Americas,2015,14649.918081489499,73.241,10281680
Dominican Republic,Americas,2016,15613.1481703744,73.471,10397743
Dominican Republic,Americas,2017,16451.5400448466,73.689,10513131
Ecuador,Americas,2009,8841.984389228259,74.895,14774424
Ecuador,Americas,2010,9114.33832835383,75.089,15011117
Ecuador,Americas,2011,9883.58002854238,75.289,15243883
Ecuador,Americas,2012,10483.134131365201,75.495,15474102
Ecuador,Americas,2013,11028.429043812801,75.707,15707474
Ecuador,Americas,2014,11484.1716060523,75.923,15951838
Ecuador,Americas,2015,11431.9915842402,76.143,16212020
Ecuador,Americas,2016,11222.0784862582,76.365,16491115
Ecuador,Americas,2017,11501.010292442199,76.584,16785361
Egypt,Africa,2009,9411.30496895581,70.15899999999999,81134798
Egypt,Africa,2010,9814.29845495565,70.34899999999999,82761235
Egypt,Africa,2011,9982.845701664692,70.543,84529250
Egypt,Africa,2012,10172.9830564821,70.736,86422240
Egypt,Africa,2013,10340.542144239,70.928,88404640
Egypt,Africa,2014,10601.1666902408,71.117,90424654
Egypt,Africa,2015,10938.8618617897,71.30199999999999,92442547
Egypt,Africa,2016,11294.2492425601,71.482,94447072
Egypt,Africa,2017,11742.0500882009,71.656,96442593
El Salvador,Americas,2009,5955.81386643625,70.97800000000001,6157686
El Salvador,Americas,2010,6152.434599609411,71.21,6183875
El Salvador,Americas,2011,6492.56213133652,71.449,6210568
El Salvador,Americas,2012,6773.4821398818,71.692,6237923
El Salvador,Americas,2013,7014.78665809053,71.935,6266070
El Salvador,Americas,2014,7236.25468970639,72.175,6295128
El Salvador,Americas,2015,7453.28411900657,72.41199999999999,6325124
El Salvador,Americas,2016,7686.026359643979,72.64399999999999,6356143
El Salvador,Americas,2017,7972.768589865041,72.872,6388122
Equatorial Guinea,Africa,2009,37820.9548141287,55.32899999999999,901599
Equatorial Guinea,Africa,2010,33294.6534967118,55.622,943639
Equatorial Guinea,Africa,2011,34622.116265796496,55.945,986853
Equatorial Guinea,Africa,2012,36576.0904309759,56.288000000000004,1031191
Equatorial Guinea,Africa,2013,34180.7115321198,56.641999999999996,1076413
Equatorial Guinea,Africa,2014,33542.7650820493,57.001000000000005,1122276
Equatorial Guinea,Africa,2015,29592.379672413197,57.358999999999995,1168568
Equatorial Guinea,Africa,2016,26232.133776314302,57.713,1215179
Equatorial Guinea,Africa,2017,24532.9520019804,58.06100000000001,1262001
Eritrea,Africa,2009,1888.61517953682,61.602,3119920
Eritrea,Africa,2010,1921.43478979428,62.193000000000005,3170435
Eritrea,Africa,2011,2102.95405980347,62.732,3213972
Estonia,Europe,2009,20502.353701344,74.8243902439024,1334515
Estonia,Europe,2010,21581.6921835734,75.4292682926829,1331475
Estonia,Europe,2011,24543.0674715452,76.2292682926829,1327439
Estonia,Europe,2012,26022.468847095097,76.3268292682927,1322696
Estonia,Europe,2013,27495.7344185694,77.14146341463409,1317997
Estonia,Europe,2014,28964.179327165697,77.0341463414634,1314545
Estonia,Europe,2015,29212.948872562796,77.590243902439,1315407
Estonia,Europe,2016,30897.5469102613,77.6414634146342,1315790
Estonia,Europe,2017,33447.8277198239,77.6414634146342,1317384
Ethiopia,Africa,2009,950.5543293607981,60.645,85233913
Ethiopia,Africa,2010,1052.60667250399,61.626999999999995,87639964
Ethiopia,Africa,2011,1161.5814339768801,62.505,90139927
Ethiopia,Africa,2012,1250.35122224562,63.281000000000006,92726971
Ethiopia,Africa,2013,1367.71414427886,63.961000000000006,95385785
Ethiopia,Africa,2014,1494.1120519646302,64.547,98094253
Ethiopia,Africa,2015,1621.7067264040302,65.048,100835458
Ethiopia,Africa,2016,1746.1627698529999,65.482,103603501
Ethiopia,Africa,2017,1897.24907750157,65.872,106400024
Fiji,Asia,2009,6965.538971231079,66.559,853637
Fiji,Asia,2010,7202.758367436801,66.655,859818
Fiji,Asia,2011,7520.373655289291,66.759,863449
Fiji,Asia,2012,7758.21871400103,66.859,865069
Fiji,Asia,2013,8262.95732614931,66.95,865608
Fiji,Asia,2014,8882.38834879823,67.03,866453
Fiji,Asia,2015,9372.542320420709,67.10300000000001,868627
Fiji,Asia,2016,9683.6245291416,67.175,872399
Fiji,Asia,2017,10318.9586799074,67.252,877459
Finland,Europe,2009,37830.0231384274,79.71951219512201,5338871
Finland,Europe,2010,38737.4135953276,79.87073170731709,5363352
Finland,Europe,2011,40683.527582170296,80.4707317073171,5388272
Finland,Europe,2012,40620.176066035,80.62682926829271,5413971
Finland,Europe,2013,41293.5157728524,80.9756097560976,5438972
Finland,Europe,2014,41470.2023590157,81.1804878048781,5461512
Finland,Europe,2015,42220.9576671019,81.4804878048781,5479531
Finland,Europe,2016,43729.964488929,81.4292682926829,5495303
Finland,Europe,2017,46348.958976902,81.4292682926829,5508214
France,Europe,2009,34685.17379693,81.4146341463415,64707040
France,Europe,2010,35900.045568261805,81.6634146341464,65027507
France,Europe,2011,37440.6386298685,82.1146341463415,65342780
France,Europe,2012,37679.1217798605,81.9682926829269,65659809
France,Europe,2013,39523.8539542181,82.21951219512201,65998687
France,Europe,2014,40141.585477622,82.67073170731709,66316100
France,Europe,2015,40833.2420664584,82.3219512195122,66593366
France,Europe,2016,42047.2872382377,82.5243902439025,66859768
France,Europe,2017,44255.941640102305,82.5243902439025,66865144
Gabon,Africa,2009,14514.7729871491,60.637,1568928
Gabon,Africa,2010,15190.4144125576,61.4,1624140
Gabon,Africa,2011,16011.124504514399,62.168,1684635
Gabon,Africa,2012,16536.5659575518,62.924,1749682
Gabon,Africa,2013,17116.3436463793,63.648,1817071
Gabon,Africa,2014,17548.2712911998,64.318,1883800
Gabon,Africa,2015,17819.559591086898,64.913,1947686
Gabon,Africa,2016,17839.8973012874,65.418,2007873
Gabon,Africa,2017,17762.408644601102,65.839,2064823
Gambia,Africa,2009,1453.1780268749499,59.333999999999996,1740279
Gambia,Africa,2010,1519.84092257255,59.637,1793196
Gambia,Africa,2011,1440.7943580295498,59.917,1848147
Gambia,Africa,2012,1504.36842304573,60.178000000000004,1905011
Gambia,Africa,2013,1556.1264872031,60.426,1963711
Gambia,Africa,2014,1523.84172992553,60.667,2024042
Gambia,Africa,2015,1582.1927408886902,60.91,2085860
Gambia,Africa,2016,1558.6955699022699,61.166000000000004,2149139
Gambia,Africa,2017,1612.1395585064001,61.44,2213894
Georgia,Europe,2009,6316.004421191589,71.18,3814419
Georgia,Europe,2010,6838.62363066002,71.46,3786695
Georgia,Europe,2011,7545.93946556889,71.773,3756441
Georgia,Europe,2012,8239.54408736673,72.097,3728874
Georgia,Europe,2013,8694.220634839521,72.41199999999999,3717668
Georgia,Europe,2014,9263.947330181942,72.707,3719414
Georgia,Europe,2015,9617.556787726371,72.973,3725276
Georgia,Europe,2016,9993.515120944741,73.207,3727505
Georgia,Europe,2017,10674.175802685699,73.414,3728004
Germany,Europe,2009,37042.4478763202,79.83658536585371,81902307
Germany,Europe,2010,39187.4026529557,79.9878048780488,81776930
Germany,Europe,2011,42692.5197566424,80.4365853658537,80274983
Germany,Europe,2012,43564.1480172353,80.5390243902439,80425823
Germany,Europe,2013,45232.197853081794,80.490243902439,80645605
Germany,Europe,2014,47190.769353284806,81.090243902439,80982500
Germany,Europe,2015,47979.48420293519,80.6414634146342,81686611
Germany,Europe,2016,49921.330617974,80.990243902439,82348669
Germany,Europe,2017,52574.2604824888,80.990243902439,82657002
Ghana,Africa,2009,2784.1382792054496,60.645,24170940
Ghana,Africa,2010,2964.4311195952,61.03,24779619
Ghana,Africa,2011,3368.80083733842,61.381,25387710
Ghana,Africa,2012,3664.60015273165,61.72,25996449
Ghana,Africa,2013,3909.6695229874895,62.06399999999999,26607642
Ghana,Africa,2014,4006.18647505615,62.416000000000004,27224472
Ghana,Africa,2015,4044.4133711276,62.772,27849205
Ghana,Africa,2016,4135.64500107798,63.123999999999995,28481946
Ghana,Africa,2017,4457.3558457773,63.463,29121471
Greece,Europe,2009,30365.399926963702,80.1878048780488,11107017
Greece,Europe,2010,28148.422422996202,80.3878048780488,11121341
Greece,Europe,2011,26141.3195918975,80.7317073170732,11104899
Greece,Europe,2012,25284.464076623797,80.6341463414634,11045011
Greece,Europe,2013,26097.871900873597,81.2853658536585,10965211
Greece,Europe,2014,26838.455228326802,81.3853658536585,10892413
Greece,Europe,2015,26902.525319841003,81.0365853658537,10820883
Greece,Europe,2016,27273.934578663702,81.3878048780488,10775971
Greece,Europe,2017,28579.7945258539,81.3878048780488,10754679
Grenada,Americas,2009,10764.5139594055,72.96,105789
Grenada,Americas,2010,10788.9895186487,72.867,106233
Grenada,Americas,2011,11040.109484721,72.768,106796
Grenada,Americas,2012,11054.584868851101,72.669,107446
Grenada,Americas,2013,11436.025811527901,72.579,108170
Grenada,Americas,2014,12424.067682172199,72.503,108902
Grenada,Americas,2015,13280.9824330093,72.445,109599
Grenada,Americas,2016,13844.1434652083,72.408,110261
Grenada,Americas,2017,14739.065754668702,72.388,110874
Guatemala,Americas,2009,6458.25303432083,71.108,14316263
Guatemala,Americas,2010,6576.66860857558,71.48100000000001,14630417
Guatemala,Americas,2011,6844.54052794214,71.861,14948803
Guatemala,Americas,2012,7031.531310626529,72.236,15270778
Guatemala,Americas,2013,7264.85382674553,72.596,15595821
Guatemala,Americas,2014,7552.71798311044,72.935,15923243
Guatemala,Americas,2015,7788.497933647321,73.25,16252429
Guatemala,Americas,2016,7955.3200105864,73.541,16583060
Guatemala,Americas,2017,8166.85775480185,73.81,16914936
Guinea,Africa,2009,1574.55279605069,56.278999999999996,9964469
Guinea,Africa,2010,1632.38634891935,56.861000000000004,10192176
Guinea,Africa,2011,1721.4513585171399,57.387,10420471
Guinea,Africa,2012,1817.88046825629,57.905,10652029
Guinea,Africa,2013,1880.0701414322898,58.446999999999996,10892810
Guinea,Africa,2014,1940.6653274797898,59.016000000000005,11150977
Guinea,Africa,2015,1986.1742329025303,59.598,11432088
Guinea,Africa,2016,2167.2473492203303,60.17,11738441
Guinea,Africa,2017,2435.2184751916197,60.706,12067539
Guinea-Bissau,Africa,2009,1358.9982610555498,54.113,1483921
Guinea-Bissau,Africa,2010,1401.6924559605302,54.628,1522599
Guinea-Bissau,Africa,2011,1506.6953115721699,55.144,1562989
Guinea-Bissau,Africa,2012,1469.8050436072,55.645,1604979
Guinea-Bissau,Africa,2013,1503.7458862347698,56.117,1648257
Guinea-Bissau,Africa,2014,1506.58951397135,56.556000000000004,1692439
Guinea-Bissau,Africa,2015,1574.4611640978699,56.958999999999996,1737202
Guinea-Bissau,Africa,2016,1648.4383323409,57.328,1782437
Guinea-Bissau,Africa,2017,1734.71490884792,57.673,1828146
Guyana,Americas,2009,5428.7561590314,67.792,747718
Guyana,Americas,2010,5706.187811029499,68.059,749436
Guyana,Americas,2011,6106.967371150329,68.321,752028
Guyana,Americas,2012,6523.25104388796,68.575,755399
Guyana,Americas,2013,6933.98204423923,68.819,759285
Guyana,Americas,2014,7297.59934105347,69.04899999999999,763380
Guyana,Americas,2015,7568.70878822088,69.262,767432
Guyana,Americas,2016,7864.890611829641,69.454,771366
Guyana,Americas,2017,8140.415340194771,69.624,775221
Haiti,Americas,2009,1570.62109385648,60.148,9798046
Haiti,Americas,2010,1478.73628089102,60.511,9949322
Haiti,Americas,2011,1569.19815791418,60.879,10100320
Haiti,Americas,2012,1621.2588839820098,61.26,10250930
Haiti,Americas,2013,1694.80298199311,61.658,10400673
Haiti,Americas,2014,1750.4296010978303,62.068999999999996,10549008
Haiti,Americas,2015,1766.0441827204002,62.485,10695542
Haiti,Americas,2016,1787.1592845692999,62.896,10839970
Haiti,Americas,2017,1818.60656533786,63.29,10982366
Honduras,Americas,2009,3726.8261488536104,73.061,8150775
Honduras,Americas,2010,3832.5454099334797,73.317,8317470
Honduras,Americas,2011,3984.49726718677,73.569,8480671
Honduras,Americas,2012,4150.2658684404105,73.814,8640691
Honduras,Americas,2013,4263.12015739813,74.051,8798521
Honduras,Americas,2014,4398.0966342807205,74.278,8955589
Honduras,Americas,2015,4536.13535649536,74.495,9112916
Honduras,Americas,2016,4683.12669639531,74.70100000000001,9270795
Honduras,Americas,2017,4916.72379248824,74.898,9429013
Hungary,Europe,2009,20651.7618324996,73.9048780487805,10022650
Hungary,Europe,2010,21534.8674215969,74.2073170731707,10000023
Hungary,Europe,2011,22841.2103381104,74.85853658536591,9971727
Hungary,Europe,2012,23094.473330815897,75.0634146341463,9920362
Hungary,Europe,2013,24464.1360374268,75.5658536585366,9893082
Hungary,Europe,2014,25518.225960009702,75.7634146341463,9866468
Hungary,Europe,2015,26356.313736880602,75.56829268292691,9843028
Hungary,Europe,2016,26851.6249748593,76.0634146341464,9814023
Hungary,Europe,2017,28798.6425572425,76.0634146341464,9787966
Iceland,Europe,2009,41905.3660341379,81.75121951219509,318499
Iceland,Europe,2010,39576.9712388463,81.89756097560979,318041
Iceland,Europe,2011,40767.2364144887,82.35853658536591,319014
Iceland,Europe,2012,41926.3419355085,82.91707317073171,320716
Iceland,Europe,2013,44157.5524601264,82.0609756097561,323764
Iceland,Europe,2014,45714.8938116702,82.8609756097561,327386
Iceland,Europe,2015,48728.0993642438,82.4682926829268,330815
Iceland,Europe,2016,52582.2938522275,82.2048780487805,335439
Iceland,Europe,2017,55322.0901345058,82.2048780487805,343400
India,Asia,2009,4026.3808648872296,66.244,1217726215
India,Asia,2010,4360.1541725814395,66.693,1234281170
India,Asia,2011,4624.560192480721,67.13,1250288729
India,Asia,2012,4909.58412124372,67.545,1265782790
India,Asia,2013,5252.27244600378,67.931,1280846129
India,Asia,2014,5682.73133797051,68.286,1295604184
India,Asia,2015,6133.88707190532,68.607,1310152403
India,Asia,2016,6634.8446350126505,68.89699999999999,1324509589
India,Asia,2017,7168.992550744,69.165,1338658835
Indonesia,Asia,2009,7813.090105991371,68.85300000000001,238620563
Indonesia,Asia,2010,8284.501294541651,69.205,241834215
Indonesia,Asia,2011,8859.13999816104,69.542,245116206
Indonesia,Asia,2012,9444.94840145068,69.866,248452413
Indonesia,Asia,2013,10009.6654833715,70.179,251806402
Indonesia,Asia,2014,10570.1950446812,70.48100000000001,255129004
Indonesia,Asia,2015,11063.0622072672,70.768,258383256
Indonesia,Asia,2016,11604.525249300901,71.035,261554226
Indonesia,Asia,2017,12279.1832757753,71.282,264645886
Iran,Asia,2009,16791.0588831018,73.457,72924837
Iran,Asia,2010,17767.502214306,73.905,73762519
Iran,Asia,2011,18400.906290579398,74.352,74634956
Iran,Asia,2012,17149.739221704498,74.77600000000001,75539862
Iran,Asia,2013,17202.300300269,75.16199999999999,76481943
Iran,Asia,2014,18101.7762970697,75.502,77465753
Iran,Asia,2015,17817.6364749842,75.796,78492215
Iran,Asia,2016,20150.3222604927,76.047,79564016
Iran,Asia,2017,21011.288308854,76.271,80673951
Iraq,Asia,2009,12287.7296540852,68.34,28973162
Iraq,Asia,2010,12884.9038434687,68.567,29741976
Iraq,Asia,2011,13693.9763684829,68.848,30725300
Iraq,Asia,2012,15320.886469871,69.148,31890011
Iraq,Asia,2013,16133.5652410325,69.437,33157050
Iraq,Asia,2014,15950.1962930741,69.7,34411951
Iraq,Asia,2015,15981.315091875,69.929,35572261
Iraq,Asia,2016,17828.3934907632,70.122,36610632
Iraq,Asia,2017,17415.4693927853,70.294,37552781
Ireland,Europe,2009,41621.718321538996,80.19024390243901,4535375
Ireland,Europe,2010,43295.0179148943,80.74390243902441,4560155
Ireland,Europe,2011,44855.3247012361,80.7463414634146,4580084
Ireland,Europe,2012,46256.568882576394,80.84634146341459,4599533
Ireland,Europe,2013,47897.291662585594,80.94878048780491,4623816
Ireland,Europe,2014,51067.9767132391,81.3487804878049,4657740
Ireland,Europe,2015,69056.0460368695,81.45365853658541,4701957
Ireland,Europe,2016,70522.225919013,81.7048780487805,4755335
Ireland,Europe,2017,77596.3550528709,81.95609756097559,4807388
Israel,Asia,2009,27499.121299385297,81.4048780487805,7485600
Israel,Asia,2010,28829.5313141546,81.60243902439021,7623600
Israel,Asia,2011,30568.958957377403,81.6560975609756,7765800
Israel,Asia,2012,31725.3252423834,81.7048780487805,7910500
Israel,Asia,2013,34178.4827003748,82.05609756097559,8059500
Israel,Asia,2014,34262.6156883094,82.15365853658541,8215700
Israel,Asia,2015,35514.5449573587,82.05121951219509,8380100
Israel,Asia,2016,37513.3916357154,82.4073170731707,8546000
Israel,Asia,2017,38867.7615971076,82.60243902439029,8713300
Italy,Europe,2009,34513.9729232965,81.6365853658537,59095365
Italy,Europe,2010,35008.0682175201,82.0365853658537,59277417
Italy,Europe,2011,36347.342478417595,82.1878048780488,59379449
Italy,Europe,2012,36237.1104277204,82.2390243902439,59539717
Italy,Europe,2013,36131.132112359905,82.69024390243901,60233948
Italy,Europe,2014,36070.8055952064,83.090243902439,60789140
Italy,Europe,2015,36836.4263441635,82.54390243902441,60730582
Italy,Europe,2016,39045.1681677898,83.24390243902441,60627498
Italy,Europe,2017,40981.2816111757,83.24390243902441,60536709
Jamaica,Americas,2009,7919.93023710154,74.071,2795837
Jamaica,Americas,2010,7854.33096384979,74.038,2810460
Jamaica,Americas,2011,8112.12923009471,74.012,2825929
Jamaica,Americas,2012,8170.02357288729,74.001,2842132
Jamaica,Americas,2013,8306.83457867897,74.01,2858709
Jamaica,Americas,2014,8473.541552334129,74.042,2875136
Jamaica,Americas,2015,8594.162683099821,74.098,2891021
Jamaica,Americas,2016,8761.97659823283,74.175,2906238
Jamaica,Americas,2017,8970.780291138659,74.267,2920853
Japan,Asia,2009,33198.616113072,82.9314634146342,128047000
Japan,Asia,2010,34986.9945402402,82.8426829268293,128070000
Japan,Asia,2011,35774.6967129559,82.5912195121951,127833000
Japan,Asia,2012,37191.3859456258,83.0960975609756,127629000
Japan,Asia,2013,38974.0794886127,83.3319512195122,127445000
Japan,Asia,2014,39179.155610609,83.5878048780488,127276000
Japan,Asia,2015,40396.2432092141,83.79390243902441,127141000
Japan,Asia,2016,41118.0780381719,83.9848780487805,126994511
Japan,Asia,2017,41958.9621557727,84.099756097561,126785797
Jordan,Asia,2009,9357.48094828278,73.266,6893260
Jordan,Asia,2010,9194.12266893147,73.428,7261539
Jordan,Asia,2011,9124.36553391177,73.581,7663131
Jordan,Asia,2012,9041.23484081969,73.722,8090872
Jordan,Asia,2013,8983.221409630441,73.851,8520420
Jordan,Asia,2014,9013.81618249093,73.969,8920049
Jordan,Asia,2015,8979.26658769761,74.078,9266575
Jordan,Asia,2016,8983.16634203456,74.184,9551467
Jordan,Asia,2017,9129.93211751891,74.292,9779173
Kazakhstan,Asia,2009,18392.8849852359,68.42926829268289,16092822
Kazakhstan,Asia,2010,19685.3517065562,68.29536585365851,16321872
Kazakhstan,Asia,2011,21276.9340240625,68.98,16557201
Kazakhstan,Asia,2012,22407.983314909903,69.61,16792089
Kazakhstan,Asia,2013,23823.886129113398,70.45,17035550
Kazakhstan,Asia,2014,24924.3702090946,71.62,17288285
Kazakhstan,Asia,2015,25123.3179901306,72,17542806
Kazakhstan,Asia,2016,25314.865536271,72.3,17794055
Kazakhstan,Asia,2017,26490.84377438,72.95,18037776
Kenya,Africa,2009,2235.68011133501,59.931999999999995,40901792
Kenya,Africa,2010,2385.99264505554,60.958999999999996,42030676
Kenya,Africa,2011,2515.92747137232,61.851000000000006,43178257
Kenya,Africa,2012,2610.73799580282,62.659,44343410
Kenya,Africa,2013,2740.02864002561,63.419,45519889
Kenya,Africa,2014,2867.1019099831606,64.135,46699981
Kenya,Africa,2015,2988.07328225379,64.798,47878336
Kenya,Africa,2016,3121.83048910676,65.393,49051686
Kenya,Africa,2017,3258.15449926677,65.90899999999999,50221473
Kiribati,Asia,2009,1745.9869068540697,65.48,100930
Kiribati,Asia,2010,1716.0592270048098,65.76899999999999,102927
Kiribati,Asia,2011,1749.23346125585,66.072,104728
Kiribati,Asia,2012,1837.9919377936603,66.381,106370
Kiribati,Asia,2013,1921.61445920953,66.69,107890
Kiribati,Asia,2014,1917.62741344424,66.995,109391
Kiribati,Asia,2015,2110.11727296855,67.291,110930
Kiribati,Asia,2016,2210.8507193418104,67.577,112524
Kiribati,Asia,2017,2227.92099492537,67.851,114158
South Korea,Asia,2009,28325.2092954875,79.9682926829268,49307835
South Korea,Asia,2010,30365.278368475698,80.1170731707317,49554112
South Korea,Asia,2011,31228.510695226603,80.5682926829268,49936638
South Korea,Asia,2012,32097.164002476,80.819512195122,50199853
South Korea,Asia,2013,32615.7725895835,81.2707317073171,50428893
South Korea,Asia,2014,33587.5833961446,81.7219512195122,50746659
South Korea,Asia,2015,35760.734442377005,82.0243902439024,51014947
South Korea,Asia,2016,37142.832902789,82.2756097560976,51245707
South Korea,Asia,2017,38824.1153902612,82.62682926829271,51466201
Kuwait,Asia,2009,79262.7536911132,74.16199999999999,2821045
Kuwait,Asia,2010,73817.9769804837,74.358,2991884
Kuwait,Asia,2011,78021.6716759992,74.55,3168060
Kuwait,Asia,2012,80209.81453158929,74.72800000000001,3348853
Kuwait,Asia,2013,78399.24717114441,74.885,3526378
Kuwait,Asia,2014,76703.1165344395,75.01899999999999,3690942
Kuwait,Asia,2015,75042.1419676728,75.13,3835591
Kuwait,Asia,2016,75689.27574835019,75.22399999999999,3956873
Kuwait,Asia,2017,72621.6260603286,75.311,4056097
Kyrgyz Republic,Asia,2009,2746.97206910734,69.10243902439029,5383300
Kyrgyz Republic,Asia,2010,2733.07926791031,69.3,5447900
Kyrgyz Republic,Asia,2011,2920.6032099095,69.60243902439029,5514600
Kyrgyz Republic,Asia,2012,2921.60378315774,70.0024390243902,5607200
Kyrgyz Republic,Asia,2013,3232.12875426877,70.2024390243902,5719600
Kyrgyz Republic,Asia,2014,3356.98344766065,70.40243902439029,5835500
Kyrgyz Republic,Asia,2015,3453.3607458363103,70.6512195121951,5956900
Kyrgyz Republic,Asia,2016,3567.8126844613003,70.9512195121951,6079500
Kyrgyz Republic,Asia,2017,3733.60613756865,71.2,6198200
Lao,Asia,2009,3823.6922691352797,63.797,6148623
Lao,Asia,2010,4130.54718741594,64.306,6249165
Lao,Asia,2011,4485.18112656039,64.797,6347567
Lao,Asia,2012,4863.791732313879,65.267,6444530
Lao,Asia,2013,5267.2846435582205,65.717,6541304
Lao,Asia,2014,5689.82855013364,66.14399999999999,6639756
Lao,Asia,2015,6075.92594663554,66.546,6741164
Lao,Asia,2016,6473.2305488419,66.92399999999999,6845846
Lao,Asia,2017,6939.555068714621,67.277,6953035
Latvia,Europe,2009,16871.7801070176,73.08048780487809,2141669
Latvia,Europe,2010,17558.7064254455,73.4829268292683,2097555
Latvia,Europe,2011,19773.3637901242,73.57560975609759,2059709
Latvia,Europe,2012,21252.7134300788,73.7780487804878,2034319
Latvia,Europe,2013,22676.5077906947,73.9829268292683,2012647
Latvia,Europe,2014,23807.933838574198,74.12439024390241,1993782
Latvia,Europe,2015,24723.547887922003,74.4804878048781,1977527
Latvia,Europe,2016,25839.912359299502,74.58048780487809,1959537
Latvia,Europe,2017,28362.1354256146,74.6804878048781,1942248
Lebanon,Asia,2009,13286.612566342099,78.161,4813026
Lebanon,Asia,2010,14111.1913922221,78.36,4953061
Lebanon,Asia,2011,13841.5350103708,78.507,5202343
Lebanon,Asia,2012,13610.8883532956,78.611,5538634
Lebanon,Asia,2013,13309.0199530017,78.683,5914621
Lebanon,Asia,2014,13049.032958298001,78.732,6262410
Lebanon,Asia,2015,12695.4101431457,78.768,6532678
Lebanon,Asia,2016,12693.5641824444,78.8,6711121
Lebanon,Asia,2017,12813.869552599399,78.833,6811873
Lesotho,Africa,2009,2214.11688427184,44.146,1990131
Lesotho,Africa,2010,2369.43677149837,45.1,1995581
Lesotho,Africa,2011,2575.28083807812,46.207,2003787
Lesotho,Africa,2012,2766.63247369815,47.416000000000004,2014990
Lesotho,Africa,2013,2847.9681473311102,48.663000000000004,2028519
Lesotho,Africa,2014,2970.58983769343,49.891000000000005,2043437
Lesotho,Africa,2015,3062.0680998357598,51.038000000000004,2059021
Lesotho,Africa,2016,3169.36246309235,52.059,2075001
Lesotho,Africa,2017,3131.0037302656397,52.946999999999996,2091412
Liberia,Africa,2009,1041.9454861510198,58.971000000000004,3754133
Liberia,Africa,2010,1078.94604611552,59.6,3891356
Liberia,Africa,2011,1154.40937039294,60.146,4017443
Liberia,Africa,2012,1234.2808187309802,60.663000000000004,4135659
Liberia,Africa,2013,1329.04928289532,61.18600000000001,4248334
Liberia,Africa,2014,1328.91311080685,61.723,4359505
Liberia,Africa,2015,1309.26956499574,62.269,4472230
Liberia,Africa,2016,1269.88622270192,62.802,4586788
Liberia,Africa,2017,1293.41593414343,63.295,4702228
Libya,Africa,2009,27474.4903791358,72.12899999999999,6133984
Libya,Africa,2010,28890.365453748702,72.044,6197663
Libya,Africa,2011,11096.1563633459,71.956,6247439
Libya,Africa,2012,25080.968377996498,71.90100000000001,6285750
Libya,Africa,2013,21929.5035058233,71.907,6320359
Libya,Africa,2014,16870.485132333702,71.98100000000001,6362037
Libya,Africa,2015,15403.5732227745,72.12100000000001,6418315
Libya,Africa,2016,14964.522879743201,72.311,6492164
Libya,Africa,2017,19056.8042971544,72.52,6580724
Lithuania,Europe,2009,18145.8529229608,72.9146341463415,3162916
Lithuania,Europe,2010,20090.8598055865,73.2682926829268,3097282
Lithuania,Europe,2011,22854.3081318795,73.5634146341464,3028115
Lithuania,Europe,2012,24658.004166776802,73.86341463414641,2987773
Lithuania,Europe,2013,26660.706404559704,73.9146341463415,2957689
Lithuania,Europe,2014,28174.255551627597,74.5170731707317,2932367
Lithuania,Europe,2015,28910.373550006603,74.3219512195122,2904910
Lithuania,Europe,2016,30299.9189349312,74.67073170731709,2868231
Lithuania,Europe,2017,33252.8418829826,74.67073170731709,2828403
Luxembourg,Europe,2009,82278.1973939736,80.6365853658537,497783
Luxembourg,Europe,2010,85613.586610591,80.63170731707321,506953
Luxembourg,Europe,2011,92005.0168361444,80.9878048780488,518347
Luxembourg,Europe,2012,91622.17741693881,81.3926829268293,530946
Luxembourg,Europe,2013,95590.5386984251,81.8,543360
Luxembourg,Europe,2014,101297.575745297,82.2292682926829,556319
Luxembourg,Europe,2015,102780.440937044,82.2926829268293,569604
Luxembourg,Europe,2016,105082.07346404,82.68536585365851,582014
Luxembourg,Europe,2017,107640.559218408,82.68536585365851,596336
Madagascar,Africa,2009,1376.07422030894,62.943999999999996,20569117
Madagascar,Africa,2010,1357.33171816465,63.388000000000005,21151640
Madagascar,Africa,2011,1367.54195006914,63.836000000000006,21743967
Madagascar,Africa,2012,1397.23877913423,64.28,22346641
Madagascar,Africa,2013,1414.9077241513598,64.71300000000001,22961253
Madagascar,Africa,2014,1449.7877805000303,65.133,23589887
Madagascar,Africa,2015,1470.7934888497698,65.539,24234088
Madagascar,Africa,2016,1507.94228250435,65.931,24894380
Madagascar,Africa,2017,1560.4023148833098,66.311,25570540
Malawi,Africa,2009,1004.6607575508301,53.888000000000005,14128155
Malawi,Africa,2010,1055.4939902133801,55.56399999999999,14539612
Malawi,Africa,2011,1097.9421351417698,57.161,14962112
Malawi,Africa,2012,1107.97055007375,58.629,15396005
Malawi,Africa,2013,1152.84856878409,59.931000000000004,15839269
Malawi,Africa,2014,1207.29440992279,61.042,16289540
Malawi,Africa,2015,1220.22958748423,61.953,16745303
Malawi,Africa,2016,1230.41657133435,62.681000000000004,17205289
Malawi,Africa,2017,1269.64459550158,63.278999999999996,17670260
Malaysia,Asia,2009,19283.4523118624,74.305,27735040
Malaysia,Asia,2010,20605.2011125465,74.493,28208035
Malaysia,Asia,2011,21806.8227852715,74.683,28650955
Malaysia,Asia,2012,23105.0752924904,74.877,29068159
Malaysia,Asia,2013,24279.3716942359,75.072,29468872
Malaysia,Asia,2014,25875.5026744688,75.268,29866559
Malaysia,Asia,2015,27116.576256752596,75.461,30270962
Malaysia,Asia,2016,28185.539041375,75.649,30684804
Malaysia,Asia,2017,30004.078626204,75.828,31105028
Maldives,Asia,2009,11177.855962424399,75.499,353398
Maldives,Asia,2010,11720.5281319808,75.905,365734
Maldives,Asia,2011,12486.446911596202,76.293,380495
Maldives,Asia,2012,12496.428259883502,76.664,397237
Maldives,Asia,2013,13039.0479168353,77.018,415593
Maldives,Asia,2014,13622.8832016954,77.36,435015
Maldives,Asia,2015,13546.050226071799,77.691,454915
Maldives,Asia,2016,14055.938157209299,78.013,475513
Maldives,Asia,2017,14668.6930327615,78.325,496402
Mali,Africa,2009,1777.69007942335,54.756,14581429
Mali,Africa,2010,1836.8162167081,55.251000000000005,15049353
Mali,Africa,2011,1877.89282805323,55.701,15514591
Mali,Africa,2012,1842.6866016152103,56.135,15979499
Mali,Africa,2013,1863.36775669219,56.578,16449864
Mali,Africa,2014,1974.2176550543302,57.036,16934220
Mali,Africa,2015,2053.12857449708,57.50899999999999,17438778
Mali,Africa,2016,2131.58970331291,57.986999999999995,17965429
Mali,Africa,2017,2221.7578857519397,58.452,18512394
Malta,Europe,2009,26139.5081810283,80.2414634146342,412477
Malta,Europe,2010,27809.106496917997,81.39756097560979,414508
Malta,Europe,2011,28597.4670967963,80.7463414634146,416268
Malta,Europe,2012,29443.800075059302,80.7463414634146,420028
Malta,Europe,2013,31082.6390666802,81.7463414634146,425967
Malta,Europe,2014,33370.3195603564,82.04634146341459,434558
Malta,Europe,2015,36165.401002834304,81.89756097560979,445053
Malta,Europe,2016,38338.8841841179,82.45365853658541,455356
Malta,Europe,2017,41548.7032203094,82.45365853658541,467999
Mauritania,Africa,2009,3260.58863873724,62.266000000000005,3393409
Mauritania,Africa,2010,3356.3613475717198,62.527,3494195
Mauritania,Africa,2011,3483.52210100307,62.799,3598648
Mauritania,Africa,2012,3646.7275669296,63.07899999999999,3706554
Mauritania,Africa,2013,3822.3125480681897,63.36600000000001,3817494
Mauritania,Africa,2014,3993.3043424540797,63.653999999999996,3930896
Mauritania,Africa,2015,3975.7875527343103,63.93600000000001,4046301
Mauritania,Africa,2016,3984.2148899488793,64.208,4163534
Mauritania,Africa,2017,4066.6706384247295,64.464,4282574
Mauritius,Africa,2009,14820.498660916799,72.8824390243903,1247429
Mauritius,Africa,2010,15612.293421755,72.9673170731707,1250400
Mauritius,Africa,2011,16561.7709831855,73.26682926829271,1252404
Mauritius,Africa,2012,17421.1450215756,73.86341463414641,1255882
Mauritius,Africa,2013,18282.2280803957,74.0170731707317,1258653
Mauritius,Africa,2014,19290.691930176497,74.1943902439025,1260934
Mauritius,Africa,2015,20162.9966817599,74.3531707317073,1262605
Mauritius,Africa,2016,21151.2477748377,74.3948780487805,1263473
Mauritius,Africa,2017,22355.190523948702,74.51463414634149,1264613
Mexico,Americas,2009,14558.2448127429,75.128,112463887
Mexico,Americas,2010,15260.6205539571,75.065,114092963
Mexico,Americas,2011,16520.2585085371,75.01100000000001,115695473
Mexico,Americas,2012,17162.9275170326,74.96600000000001,117274155
Mexico,Americas,2013,17373.8970180913,74.93,118827161
Mexico,Americas,2014,18045.984463203702,74.908,120355128
Mexico,Americas,2015,18284.8828438085,74.904,121858258
Mexico,Americas,2016,18781.8429159921,74.917,123333376
Mexico,Americas,2017,19432.2141906251,74.947,124777324
"Micronesia, Fed. Sts.",Asia,2009,3148.56089935389,66.29,102975
"Micronesia, Fed. Sts.",Asia,2010,3252.3101651619704,66.471,102911
"Micronesia, Fed. Sts.",Asia,2011,3413.50038953027,66.646,103450
"Micronesia, Fed. Sts.",Asia,2012,3375.2983890390697,66.817,104506
"Micronesia, Fed. Sts.",Asia,2013,3257.7443792038102,66.986,105926
"Micronesia, Fed. Sts.",Asia,2014,3201.86403219364,67.152,107446
"Micronesia, Fed. Sts.",Asia,2015,3350.5069168494106,67.315,108895
"Micronesia, Fed. Sts.",Asia,2016,3370.0052393149895,67.471,110215
"Micronesia, Fed. Sts.",Asia,2017,3504.3966506056604,67.618,111459
Moldova,Europe,2009,4275.93342192476,69.119,3565604
Moldova,Europe,2010,4637.51656260043,69.616,3562045
Moldova,Europe,2011,5012.742058331401,70.119,3559986
Moldova,Europe,2012,5079.41639876853,70.581,3559519
Moldova,Europe,2013,5637.50246471779,70.968,3558566
Moldova,Europe,2014,6035.022708057651,71.267,3556397
Moldova,Europe,2015,6082.84195598303,71.47800000000001,3554108
Moldova,Europe,2016,6424.37121926973,71.617,3551954
Moldova,Europe,2017,6858.89202760189,71.717,3549196
Mongolia,Asia,2009,7119.208251335309,66.916,2673796
Mongolia,Asia,2010,7530.753530395179,67.38,2719896
Mongolia,Asia,2011,8853.125419020529,67.818,2770362
Mongolia,Asia,2012,9939.57029611532,68.217,2824699
Mongolia,Asia,2013,11068.456560614399,68.566,2881792
Mongolia,Asia,2014,11925.8133992767,68.863,2940108
Mongolia,Asia,2015,12100.127347490501,69.111,2998439
Mongolia,Asia,2016,12140.8470898576,69.321,3056359
Mongolia,Asia,2017,12787.284256081799,69.509,3113779
Montenegro,Europe,2009,13024.7720233698,74.78399999999999,618294
Montenegro,Europe,2010,13634.996964908501,75.15100000000001,619428
Montenegro,Europe,2011,14472.4582555656,75.505,620079
Montenegro,Europe,2012,13863.8810545568,75.82300000000001,620601
Montenegro,Europe,2013,14870.2269394773,76.089,621207
Montenegro,Europe,2014,15371.106899645,76.297,621810
Montenegro,Europe,2015,16337.2537908133,76.452,622159
Montenegro,Europe,2016,17866.4722534354,76.568,622303
Montenegro,Europe,2017,19355.0198351076,76.667,622373
Morocco,Africa,2009,6099.6927655251,74.003,31929087
Morocco,Africa,2010,6324.15295486598,74.382,32343389
Morocco,Africa,2011,6703.87683123861,74.696,32781850
Morocco,Africa,2012,6940.43473725353,74.97,33241898
Morocco,Africa,2013,7278.362141889971,75.227,33715693
Morocco,Africa,2014,7507.240831112041,75.477,34192347
Morocco,Africa,2015,7822.968048322409,75.726,34663603
Morocco,Africa,2016,7890.99716687807,75.97399999999999,35126296
Morocco,Africa,2017,8261.06085184946,76.218,35581294
Mozambique,Africa,2009,881.1966067592889,51.738,22894710
Mozambique,Africa,2010,925.3387556761571,52.31,23531574
Mozambique,Africa,2011,984.465229232715,53.043,24187487
Mozambique,Africa,2012,1046.3607347063698,53.931000000000004,24862648
Mozambique,Africa,2013,1109.6078282690198,54.949,25560725
Mozambique,Africa,2014,1181.2383975049302,56.062,26286163
Mozambique,Africa,2015,1237.0237876380302,57.206,27042002
Mozambique,Africa,2016,1260.87375616269,58.309,27829942
Mozambique,Africa,2017,1294.74827318321,59.309,28649007
Myanmar,Asia,2009,3280.2745944284898,63.089,50250367
Myanmar,Asia,2010,3613.01914299584,63.525,50600818
Myanmar,Asia,2011,3864.95976755573,63.983000000000004,50990615
Myanmar,Asia,2012,4193.13233879803,64.453,51413698
Myanmar,Asia,2013,4587.08683134918,64.921,51852451
Myanmar,Asia,2014,5005.9996534637,65.378,52280807
Myanmar,Asia,2015,5372.24116094665,65.81,52680726
Myanmar,Asia,2016,5709.8713605663,66.205,53045226
Myanmar,Asia,2017,6172.39264948407,66.558,53382581
Namibia,Africa,2009,8067.70020632544,55.207,2081044
Namibia,Africa,2010,8500.097147648621,56.665,2118874
Namibia,Africa,2011,8959.51589253357,58.085,2156701
Namibia,Africa,2012,9427.08226713782,59.387,2194784
Namibia,Africa,2013,9955.45310842081,60.513000000000005,2233510
Namibia,Africa,2014,10598.668670814599,61.425,2273430
Namibia,Africa,2015,11160.3796376324,62.119,2314904
Namibia,Africa,2016,11200.427876028602,62.625,2358041
Namibia,Africa,2017,11104.419376271899,63.021,2402603
Nepal,Asia,2009,1844.10281668221,67.178,26883535
Nepal,Asia,2010,1946.0587210985102,67.611,27013212
Nepal,Asia,2011,2052.54719698636,68.028,27041437
Nepal,Asia,2012,2196.11885083972,68.426,26989862
Nepal,Asia,2013,2333.14547300741,68.806,26917906
Nepal,Asia,2014,2520.6895525857,69.168,26906926
Nepal,Asia,2015,2621.76657505927,69.515,27015031
Nepal,Asia,2016,2641.97112847173,69.848,27261131
Nepal,Asia,2017,2866.54201625742,70.169,27627124
Netherlands,Europe,2009,44566.0618961764,80.5487804878049,16530388
Netherlands,Europe,2010,45040.3180778936,80.7024390243902,16615394
Netherlands,Europe,2011,46599.02103045,81.2048780487805,16693074
Netherlands,Europe,2012,47272.1030187972,81.10487804878049,16754962
Netherlands,Europe,2013,49241.5178406305,81.3048780487805,16804432
Netherlands,Europe,2014,49233.2153954401,81.7073170731707,16865008
Netherlands,Europe,2015,50302.0677470128,81.509756097561,16939923
Netherlands,Europe,2016,51338.5732558743,81.5609756097561,17030314
Netherlands,Europe,2017,54503.0819277108,81.5609756097561,17131296
New Zealand,Asia,2009,30699.6620210642,80.7024390243902,4302600
New Zealand,Asia,2010,31253.0535992516,80.7024390243902,4350700
New Zealand,Asia,2011,32734.5366666969,80.9048780487805,4384000
New Zealand,Asia,2012,32986.182888718904,81.1560975609756,4408100
New Zealand,Asia,2013,36219.4240080477,81.4073170731707,4442100
New Zealand,Asia,2014,37260.629400992,81.4048780487805,4509700
New Zealand,Asia,2015,37475.1783595906,81.45682926829271,4595700
New Zealand,Asia,2016,39122.5421346301,81.6124390243903,4693200
New Zealand,Asia,2017,40438.5709468742,81.65853658536591,4793900
Nicaragua,Americas,2009,3730.9858793650396,72.167,5745526
Nicaragua,Americas,2010,3887.7744009078,72.428,5824065
Nicaragua,Americas,2011,4163.24132596619,72.692,5903039
Nicaragua,Americas,2012,4458.6845332782705,72.95100000000001,5982526
Nicaragua,Americas,2013,4697.70702650528,73.197,6062454
Nicaragua,Americas,2014,4950.0934149184395,73.429,6142733
Nicaragua,Americas,2015,5174.9619235083,73.649,6223240
Nicaragua,Americas,2016,5400.217903776021,73.86,6303974
Nicaragua,Americas,2017,5687.18163082839,74.068,6384855
Niger,Africa,2009,754.254073089187,56.556999999999995,15843133
Niger,Africa,2010,795.682825590221,57.333,16464025
Niger,Africa,2011,799.258375990871,58.081,17114761
Niger,Africa,2012,876.275999462828,58.79,17795191
Niger,Africa,2013,902.662599537142,59.455,18504255
Niger,Africa,2014,951.1605866524291,60.07,19240157
Niger,Africa,2015,964.8380788514819,60.631,20001663
Niger,Africa,2016,984.683133561114,61.137,20788838
Niger,Africa,2017,1012.8591963130699,61.599,21602472
Nigeria,Africa,2009,4682.435934827689,50.422,154324933
Nigeria,Africa,2010,4981.35823237883,50.896,158503197
Nigeria,Africa,2011,5213.83719396966,51.346000000000004,162805071
Nigeria,Africa,2012,5392.096402562511,51.786,167228767
Nigeria,Africa,2013,5698.16667798381,52.228,171765769
Nigeria,Africa,2014,6009.98945349912,52.672,176404902
Nigeria,Africa,2015,6072.4772948931495,53.111999999999995,181137448
Nigeria,Africa,2016,5882.98733987229,53.541000000000004,185960289
Nigeria,Africa,2017,5887.5730776004,53.95,190873311
Norway,Europe,2009,55437.530827799805,80.7951219512195,4828726
Norway,Europe,2010,57965.5264173495,80.9975609756098,4889252
Norway,Europe,2011,62145.026154912804,81.2951219512195,4953088
Norway,Europe,2012,65447.4958248933,81.4512195121951,5018573
Norway,Europe,2013,67056.1170397877,81.75121951219509,5079623
Norway,Europe,2014,66015.44029968549,82.1,5137232
Norway,Europe,2015,60519.9715159154,82.3048780487805,5188607
Norway,Europe,2016,58138.437705219294,82.4073170731707,5234519
Norway,Europe,2017,62182.8421398992,82.509756097561,5276968
Oman,Asia,2009,44291.074892213604,75.44,2876186
Oman,Asia,2010,44408.5874154126,75.682,3041434
Oman,Asia,2011,41942.1205555181,75.916,3251108
Oman,Asia,2012,43436.8777776693,76.149,3498029
Oman,Asia,2013,42862.8936541683,76.388,3764805
Oman,Asia,2014,41950.787643192794,76.634,4027260
Oman,Asia,2015,41911.0864826498,76.887,4267348
Oman,Asia,2016,42375.5454270069,77.142,4479219
Oman,Asia,2017,41068.336814276096,77.393,4665935
Pakistan,Asia,2009,3966.56521909687,64.969,175525609
Pakistan,Asia,2010,3988.6568561092204,65.264,179424641
Pakistan,Asia,2011,4094.52711205909,65.562,183340592
Pakistan,Asia,2012,4228.51300071067,65.84899999999999,187281475
Pakistan,Asia,2013,4398.38122962956,66.117,191262919
Pakistan,Asia,2014,4593.96424012856,66.36,195306825
Pakistan,Asia,2015,4762.29672087027,66.577,199426964
Pakistan,Asia,2016,4975.65439476224,66.77,203627284
Pakistan,Asia,2017,5249.2063652526,66.947,207896686
Panama,Americas,2009,14554.8307892599,76.6,3579215
Panama,Americas,2010,15311.029130851599,76.792,3642687
Panama,Americas,2011,17099.8188262158,76.98899999999999,3706483
Panama,Americas,2012,18806.5630239468,77.188,3770624
Panama,Americas,2013,20111.9512166907,77.38600000000001,3835437
Panama,Americas,2014,21167.1767869797,77.583,3901315
Panama,Americas,2015,22237.0930469827,77.77600000000001,3968487
Panama,Americas,2016,23195.8111318552,77.964,4037078
Panama,Americas,2017,24472.009849744503,78.149,4106771
Papua New Guinea,Asia,2009,2791.80196552362,61.739,7144776
Papua New Guinea,Asia,2010,3039.77734759451,62.028999999999996,7310507
Papua New Guinea,Asia,2011,3069.74205973674,62.316,7472200
Papua New Guinea,Asia,2012,3205.91300092382,62.604,7631002
Papua New Guinea,Asia,2013,3318.6709103089697,62.891999999999996,7788379
Papua New Guinea,Asia,2014,3761.4755097289703,63.181000000000004,7946731
Papua New Guinea,Asia,2015,4080.1733863206105,63.466,8107775
Papua New Guinea,Asia,2016,4208.7822097179705,63.744,8271760
Papua New Guinea,Asia,2017,4269.43124398009,64.01,8438029
Paraguay,Americas,2009,8601.54016499283,72.45,6163972
Paraguay,Americas,2010,9541.37180418587,72.653,6248020
Paraguay,Americas,2011,10016.7703711715,72.86,6333976
Paraguay,Americas,2012,10015.4860474708,73.068,6421512
Paraguay,Americas,2013,10898.4490165481,73.274,6510276
Paraguay,Americas,2014,11486.944372541298,73.473,6599526
Paraguay,Americas,2015,11807.7725893302,73.66199999999999,6688746
Paraguay,Americas,2016,12287.985879371101,73.836,6777872
Paraguay,Americas,2017,12971.6838450747,73.992,6867062
Peru,Americas,2009,9078.55665684968,74.12,28792655
Peru,Americas,2010,9869.070416300841,74.41,29027674
Peru,Americas,2011,10626.0771337578,74.697,29264318
Peru,Americas,2012,11400.3357325305,74.98100000000001,29506788
Peru,Americas,2013,12169.120077591899,75.258,29773987
Peru,Americas,2014,12561.2185698171,75.529,30090359
Peru,Americas,2015,12945.2515909503,75.792,30470734
Peru,Americas,2016,13404.2222149468,76.044,30926032
Peru,Americas,2017,13772.2901725032,76.286,31444297
Philippines,Asia,2009,5106.39920581329,69.667,92414158
Philippines,Asia,2010,5468.30550688589,69.82300000000001,93966780
Philippines,Asia,2011,5689.76094098301,69.984,95570047
Philippines,Asia,2012,6081.93666665174,70.149,97212638
Philippines,Asia,2013,6514.667171062671,70.315,98871552
Philippines,Asia,2014,6930.76446315448,70.48100000000001,100513138
Philippines,Asia,2015,7313.409804960401,70.64399999999999,102113212
Philippines,Asia,2016,7784.13669907134,70.80199999999999,103663927
Philippines,Asia,2017,8340.33133072608,70.952,105173264
Poland,Europe,2009,19246.4486754828,75.6951219512195,38151603
Poland,Europe,2010,21048.3305213108,76.2463414634146,38042794
Poland,Europe,2011,22850.6388460286,76.6951219512195,38063255
Poland,Europe,2012,23833.2097049187,76.7463414634146,38063164
Poland,Europe,2013,24719.2475053521,77,38040196
Poland,Europe,2014,25612.257831143797,77.60243902439029,38011735
Poland,Europe,2015,26856.065055556297,77.4512195121951,37986412
Poland,Europe,2016,27735.350849501898,77.85121951219509,37970087
Poland,Europe,2017,29930.991776801602,77.85121951219509,37974826
Portugal,Europe,2009,26469.1012416289,78.7268292682927,10568247
Portugal,Europe,2010,27308.186160075897,79.0268292682927,10573100
Portugal,Europe,2011,26780.2149060404,80.4707317073171,10557560
Portugal,Europe,2012,26454.1026011519,80.37317073170729,10514844
Portugal,Europe,2013,27899.5094652197,80.7219512195122,10457295
Portugal,Europe,2014,28746.6530781988,81.12195121951221,10401062
Portugal,Europe,2015,29684.691669018503,81.12439024390241,10358076
Portugal,Europe,2016,31042.005773057997,81.12439024390241,10325452
Portugal,Europe,2017,32554.2976837599,81.12439024390241,10300300
Qatar,Asia,2009,108953.677101571,78.945,1654950
Qatar,Asia,2010,117518.700908167,79.108,1856327
Qatar,Asia,2011,124024.56816457199,79.26,2035871
Qatar,Asia,2012,122674.723654027,79.399,2196074
Qatar,Asia,2013,122495.78800525599,79.527,2336574
Qatar,Asia,2014,123308.20233841699,79.646,2459198
Qatar,Asia,2015,123822.08327823,79.758,2565710
Qatar,Asia,2016,123573.630778773,79.868,2654374
Qatar,Asia,2017,124609.304140088,79.98100000000001,2724724
Romania,Europe,2009,16635.2297984454,73.30975609756099,20367487
Romania,Europe,2010,16966.460609266,73.4585365853659,20246871
Romania,Europe,2011,17907.674626981203,74.409756097561,20147528
Romania,Europe,2012,18931.5324968882,74.4121951219512,20058035
Romania,Europe,2013,19797.3788746757,75.0634146341463,19983693
Romania,Europe,2014,20623.3243694339,74.909756097561,19908979
Romania,Europe,2015,21631.7701541759,75.0121951219512,19815481
Romania,Europe,2016,23868.069196030698,75.30975609756099,19702332
Romania,Europe,2017,26595.5868048015,75.30975609756099,19587491
Russia,Europe,2009,19389.9421268072,68.6846341463415,142785342
Russia,Europe,2010,20490.1294447295,68.8412195121951,142849449
Russia,Europe,2011,24310.043965547997,69.68390243902441,142960868
Russia,Europe,2012,25784.5671588395,70.0721951219512,143201676
Russia,Europe,2013,26240.274504790297,70.5787804878049,143506911
Russia,Europe,2014,25751.514137268798,70.74365853658541,143819666
Russia,Europe,2015,24061.0993654187,71.1834146341464,144096870
Russia,Europe,2016,24072.2779258979,71.6512195121951,144342396
Russia,Europe,2017,25766.9288144165,72.11902439024391,144496740
Rwanda,Africa,2009,1292.67889403154,62.129,9782770
Rwanda,Africa,2010,1367.83298855606,63.433,10039338
Rwanda,Africa,2011,1467.96170816509,64.523,10293331
Rwanda,Africa,2012,1588.51643994751,65.438,10549678
Rwanda,Africa,2013,1651.5872569031,66.219,10811543
Rwanda,Africa,2014,1766.68069726447,66.884,11083635
Rwanda,Africa,2015,1895.11204489505,67.45,11369071
Rwanda,Africa,2016,1978.27038614757,67.93,11668818
Rwanda,Africa,2017,2082.2936354878,68.34100000000001,11980937
Samoa,Asia,2009,5250.03791293439,71.41199999999999,184556
Samoa,Asia,2010,5296.68460100087,71.663,185949
Samoa,Asia,2011,5673.4159307932205,71.906,187469
Samoa,Asia,2012,5755.7666669255295,72.13600000000001,189088
Samoa,Asia,2013,5694.45581236408,72.351,190717
Samoa,Asia,2014,5837.19893530537,72.54899999999999,192221
Samoa,Asia,2015,5945.26512671099,72.73,193513
Samoa,Asia,2016,6407.34119853275,72.895,194535
Samoa,Asia,2017,6677.68551022861,73.046,195352
San Marino,Europe,2012,61073.1592450291,85.41707317073171,32105
Sao Tome and Principe,Africa,2009,2382.69164924502,66.938,175876
Sao Tome and Principe,Africa,2010,2507.20271191508,67.43,180371
Sao Tome and Principe,Africa,2011,2612.01014698724,67.885,184524
Sao Tome and Principe,Africa,2012,2689.20120439513,68.306,188404
Sao Tome and Principe,Africa,2013,2813.1534866699394,68.695,192087
Sao Tome and Principe,Africa,2014,2997.32245520347,69.05199999999999,195727
Sao Tome and Principe,Africa,2015,3086.0250979612397,69.377,199432
Sao Tome and Principe,Africa,2016,3189.25181295963,69.67,203227
Sao Tome and Principe,Africa,2017,3312.72796857403,69.933,207089
Saudi Arabia,Asia,2009,43119.884394041495,73.75,26630303
Saudi Arabia,Asia,2010,44498.6757371913,73.917,27421461
Saudi Arabia,Asia,2011,48473.709208094406,74.089,28267685
Saudi Arabia,Asia,2012,50491.547401579,74.25399999999999,29155187
Saudi Arabia,Asia,2013,51188.963637783396,74.402,30052518
Saudi Arabia,Asia,2014,52550.7924554558,74.533,30916994
Saudi Arabia,Asia,2015,53897.94397500809,74.65100000000001,31717667
Saudi Arabia,Asia,2016,54159.801755336106,74.76100000000001,32442572
Saudi Arabia,Asia,2017,53693.364236490095,74.874,33099147
Senegal,Africa,2009,2667.30742607382,63.607,12335084
Senegal,Africa,2010,2718.90657156369,64.28399999999999,12678148
Senegal,Africa,2011,2739.33565520208,64.898,13033809
Senegal,Africa,2012,2854.1192626791103,65.44800000000001,13401991
Senegal,Africa,2013,2903.7408258962105,65.939,13782420
Senegal,Africa,2014,3067.0340491846196,66.37,14174731
Senegal,Africa,2015,3205.8944991911894,66.747,14578459
Senegal,Africa,2016,3351.53661694622,67.078,14993528
Senegal,Africa,2017,3556.1377583473604,67.38,15419381
Serbia,Europe,2009,12536.5040525201,73.98536585365859,7320807
Serbia,Europe,2010,12797.3242657416,74.33658536585371,7291436
Serbia,Europe,2011,13746.926684133401,74.5365853658537,7234099
Serbia,Europe,2012,13933.8382111044,74.83658536585371,7199077
Serbia,Europe,2013,14629.0701701261,75.18536585365851,7164132
Serbia,Europe,2014,14659.5402320307,75.33658536585371,7130576
Serbia,Europe,2015,14922.137000241899,75.2878048780488,7095383
Serbia,Europe,2016,15615.232105943402,75.6878048780488,7058322
Serbia,Europe,2017,16433.4497517736,76.0878048780488,7020858
Seychelles,Africa,2009,19137.388701274198,73.08292682926829,87298
Seychelles,Africa,2010,19948.4157238127,73.1975609756098,89770
Seychelles,Africa,2011,22556.5825709346,72.7243902439025,87441
Seychelles,Africa,2012,23051.791714944302,74.2756097560976,88303
Seychelles,Africa,2013,24412.8862043654,73.119512195122,89949
Seychelles,Africa,2014,25594.1039635655,73.2292682926829,91359
Seychelles,Africa,2015,26546.4058522716,74.2951219512195,93419
Seychelles,Africa,2016,27672.5188189107,74.30975609756099,94677
Seychelles,Africa,2017,29062.2628539554,74.3,95843
Sierra Leone,Africa,2009,1135.63112096309,48.468,6272734
Sierra Leone,Africa,2010,1183.33009362303,49.382,6415634
Sierra Leone,Africa,2011,1255.45303814858,50.233999999999995,6563240
Sierra Leone,Africa,2012,1440.99744917061,51.018,6712581
Sierra Leone,Africa,2013,1730.9963166197902,51.731,6863980
Sierra Leone,Africa,2014,1803.86302296416,52.372,7017144
Sierra Leone,Africa,2015,1416.36613658096,52.941,7171914
Sierra Leone,Africa,2016,1486.04485150236,53.443999999999996,7328838
Sierra Leone,Africa,2017,1544.42928960789,53.895,7488431
Singapore,Asia,2009,62873.4947499576,81.2414634146342,4987573
Singapore,Asia,2010,71565.9997290916,81.5414634146342,5076732
Singapore,Asia,2011,76034.3340635206,81.74390243902441,5183688
Singapore,Asia,2012,78978.8228537791,81.9951219512195,5312437
Singapore,Asia,2013,82881.4069995879,82.24634146341471,5399162
Singapore,Asia,2014,86611.5135864034,82.4951219512195,5469724
Singapore,Asia,2015,89007.4608027369,82.74390243902441,5535002
Singapore,Asia,2016,91452.04273032349,82.84634146341459,5607283
Singapore,Asia,2017,96552.6026075455,82.89512195121951,5612253
Slovak Republic,Europe,2009,23059.2356368899,74.909756097561,5386406
Slovak Republic,Europe,2010,24962.279367295,75.1121951219512,5391428
Slovak Republic,Europe,2011,25835.004757205097,75.9585365853659,5398384
Slovak Republic,Europe,2012,26647.421962767403,76.109756097561,5407579
Slovak Republic,Europe,2013,27897.598574919703,76.4121951219512,5413393
Slovak Republic,Europe,2014,28927.668764435897,76.8121951219512,5418649
Slovak Republic,Europe,2015,29691.5230297998,76.5634146341463,5423801
Slovak Republic,Europe,2016,30895.9894265554,77.16585365853659,5430798
Slovak Republic,Europe,2017,32371.2229547652,77.16585365853659,5439232
Slovenia,Europe,2009,27475.9859021907,78.9707317073171,2039669
Slovenia,Europe,2010,27739.3482210448,79.42195121951221,2048583
Slovenia,Europe,2011,28804.701519426602,79.9707317073171,2052843
Slovenia,Europe,2012,28900.878028684303,80.12439024390241,2057159
Slovenia,Europe,2013,29796.811989856098,80.3219512195122,2059953
Slovenia,Europe,2014,30844.5936218589,81.07804878048779,2061980
Slovenia,Europe,2015,31645.465875432797,80.7756097560976,2063531
Slovenia,Europe,2016,33183.9973679307,81.1756097560976,2065042
Slovenia,Europe,2017,36153.3831240136,81.1756097560976,2066388
Solomon Islands,Asia,2009,1737.9724932864099,70.366,515181
Solomon Islands,Asia,2010,1832.8315557803,70.67399999999999,527861
Solomon Islands,Asia,2011,2064.59579326473,70.985,541521
Solomon Islands,Asia,2012,2142.5070277702102,71.296,556064
Solomon Islands,Asia,2013,2185.86876042445,71.601,571335
Solomon Islands,Asia,2014,2216.26502488769,71.896,587079
Solomon Islands,Asia,2015,2235.82694853756,72.173,603118
Solomon Islands,Asia,2016,2276.80010809996,72.42399999999999,619437
Solomon Islands,Asia,2017,2339.38066750728,72.645,636038
South Sudan,Africa,2009,3830.4518627052503,54.218999999999994,9142259
South Sudan,Africa,2010,3930.5601715484295,54.8,9508364
South Sudan,Africa,2011,3701.0012669633793,55.325,9830698
South Sudan,Africa,2012,1976.8732972701102,55.791000000000004,10113647
South Sudan,Africa,2013,2222.6299765969,56.2,10355036
South Sudan,Africa,2014,2296.77431104655,56.552,10554883
South Sudan,Africa,2015,2039.75061747159,56.855,10715658
South Sudan,Africa,2016,1811.67739230708,57.12,10832512
Spain,Europe,2009,32391.0205139,81.4756097560976,46362946
Spain,Europe,2010,31923.122858143797,81.62682926829271,46576897
Spain,Europe,2011,32068.2709273108,82.4756097560976,46742697
Spain,Europe,2012,31988.2538693179,82.4268292682927,46773055
Spain,Europe,2013,32603.905771397098,83.07804878048779,46620045
Spain,Europe,2014,33709.6492402637,83.2292682926829,46480882
Spain,Europe,2015,35028.3013497609,82.8317073170732,46444832
Spain,Europe,2016,36715.8453115458,83.32926829268291,46483569
Spain,Europe,2017,39037.3783388467,83.32926829268291,46593236
Sri Lanka,Asia,2009,7674.350941926371,75.286,20123508
Sri Lanka,Asia,2010,8328.906620108191,75.439,20261737
Sri Lanka,Asia,2011,9155.658792071341,75.61399999999999,20398670
Sri Lanka,Asia,2012,10171.4244731434,75.796,20425000
Sri Lanka,Asia,2013,10618.202082878399,75.97399999999999,20585000
Sri Lanka,Asia,2014,11250.3092438979,76.14699999999999,20778000
Sri Lanka,Asia,2015,11830.695749320801,76.316,20970000
Sri Lanka,Asia,2016,12359.3458645432,76.482,21203000
Sri Lanka,Asia,2017,12878.5886712171,76.648,21444000
St. Lucia,Americas,2009,11384.5559565001,74.712,172221
St. Lucia,Americas,2010,11428.511708530901,74.852,174085
St. Lucia,Americas,2011,12049.209355057901,74.993,175544
St. Lucia,Americas,2012,12165.398448883101,75.138,176646
St. Lucia,Americas,2013,12072.5791504323,75.286,177513
St. Lucia,Americas,2014,12247.534760466298,75.44,178296
St. Lucia,Americas,2015,12354.7207692634,75.596,179126
St. Lucia,Americas,2016,12910.9860908595,75.752,180024
St. Lucia,Americas,2017,13569.3057084931,75.907,180955
St. Vincent and the Grenadines,Americas,2009,10028.2589339697,71.71600000000001,108287
St. Vincent and the Grenadines,Americas,2010,9807.79258630395,71.77600000000001,108255
St. Vincent and the Grenadines,Americas,2011,9965.06450657828,71.827,108316
St. Vincent and the Grenadines,Americas,2012,10285.2807009574,71.87899999999999,108435
St. Vincent and the Grenadines,Americas,2013,10639.28634216,71.939,108622
St. Vincent and the Grenadines,Americas,2014,10948.0501095985,72.01,108861
St. Vincent and the Grenadines,Americas,2015,11184.0905447225,72.095,109148
St. Vincent and the Grenadines,Americas,2016,11496.9853537257,72.193,109459
St. Vincent and the Grenadines,Americas,2017,11776.6715734858,72.3,109827
Sudan,Africa,2009,3262.0203378007104,62.33,33783788
Sudan,Africa,2010,3327.14229487283,62.763999999999996,34545013
Sudan,Africa,2011,3643.0921609187394,63.17100000000001,35349681
Sudan,Africa,2012,4152.15610132041,63.542,36193783
Sudan,Africa,2013,4306.149337973379,63.875,37072550
Sudan,Africa,2014,4397.80934324047,64.169,37977655
Sudan,Africa,2015,4551.99691788528,64.429,38902950
Sudan,Africa,2016,4703.85680799966,64.663,39847440
Sudan,Africa,2017,4880.2615167413205,64.881,40813396
Suriname,Americas,2009,13159.7085733661,70.209,523111
Suriname,Americas,2010,13841.414922972901,70.465,529131
Suriname,Americas,2011,14788.0679987466,70.676,535179
Suriname,Americas,2012,15303.7015920989,70.851,541245
Suriname,Americas,2013,15851.9966170016,71.002,547291
Suriname,Americas,2014,16018.086880392,71.133,553273
Suriname,Americas,2015,15472.9778966876,71.249,559143
Suriname,Americas,2016,14622.0505350608,71.358,564888
Suriname,Americas,2017,15002.419861673101,71.46300000000001,570496
Sweden,Europe,2009,39694.975566465895,81.35121951219509,9298515
Sweden,Europe,2010,41632.685889429,81.4512195121951,9378126
Sweden,Europe,2011,43808.5011571571,81.8024390243903,9449213
Sweden,Europe,2012,44774.3868965168,81.7048780487805,9519374
Sweden,Europe,2013,45721.99485529731,81.95609756097559,9600379
Sweden,Europe,2014,46572.4559903105,82.2536585365854,9696110
Sweden,Europe,2015,48436.975119620496,82.2048780487805,9799186
Sweden,Europe,2016,49084.065544306795,82.3073170731707,9923085
Sweden,Europe,2017,51404.7853914838,82.3073170731707,10057698
Switzerland,Europe,2009,51769.0498916588,82.04390243902441,7743831
Switzerland,Europe,2010,53067.6865897775,82.24634146341471,7824909
Switzerland,Europe,2011,56183.832585008095,82.6951219512195,7912398
Switzerland,Europe,2012,57849.5839884654,82.6975609756098,7996861
Switzerland,Europe,2013,60108.5163468318,82.7975609756098,8089346
Switzerland,Europe,2014,61902.1624060426,83.1975609756098,8188649
Switzerland,Europe,2015,63938.9799757284,82.89756097560979,8282396
Switzerland,Europe,2016,64215.860262011505,83.60243902439029,8373338
Switzerland,Europe,2017,66299.62501109889,83.60243902439029,8451840
Tajikistan,Asia,2009,1986.59624690269,68.36,7364753
Tajikistan,Asia,2010,2094.53895926809,68.736,7527394
Tajikistan,Asia,2011,2245.7853348322196,69.055,7697510
Tajikistan,Asia,2012,2404.80518123496,69.34,7874835
Tajikistan,Asia,2013,2567.78570070872,69.609,8059769
Tajikistan,Asia,2014,2726.5071940971397,69.874,8252833
Tajikistan,Asia,2015,2851.70948577044,70.137,8454028
Tajikistan,Asia,2016,3006.51114103208,70.39699999999999,8663579
Tajikistan,Asia,2017,3216.58070235526,70.64699999999999,8880268
Tanzania,Africa,2009,2088.51994649928,57.666000000000004,43073834
Tanzania,Africa,2010,2182.37474742621,58.583999999999996,44346525
Tanzania,Africa,2011,2329.33043657044,59.525,45673338
Tanzania,Africa,2012,2408.24979235177,60.47,47052481
Tanzania,Africa,2013,2539.66239925597,61.398,48482266
Tanzania,Africa,2014,2680.38559388121,62.288000000000004,49959822
Tanzania,Africa,2015,2791.0234244477697,63.111000000000004,51482633
Tanzania,Africa,2016,2926.32804308874,63.843999999999994,53050790
Tanzania,Africa,2017,3090.49437114677,64.479,54663906
Thailand,Asia,2009,12207.9684458475,73.766,66866839
Thailand,Asia,2010,13213.314737154,74.184,67195028
Thailand,Asia,2011,13537.488341522,74.593,67518382
Thailand,Asia,2012,14727.1430471079,74.992,67835957
Thailand,Asia,2013,15318.6367434611,75.378,68144501
Thailand,Asia,2014,15694.336682136201,75.747,68438730
Thailand,Asia,2015,16293.6097994167,76.09100000000001,68714511
Thailand,Asia,2016,16961.2655705925,76.403,68971331
Thailand,Asia,2017,17917.2068895954,76.683,69209858
Timor-Leste,Asia,2009,8981.084860615809,66.796,1074277
Timor-Leste,Asia,2010,8821.21179091416,67.186,1093523
Timor-Leste,Asia,2011,9860.33158639652,67.477,1113151
Timor-Leste,Asia,2012,10369.3889641331,67.72,1132994
Timor-Leste,Asia,2013,9216.4747991738,67.953,1153295
Timor-Leste,Asia,2014,6833.30047617343,68.197,1174331
Timor-Leste,Asia,2015,8177.85003587957,68.459,1196302
Timor-Leste,Asia,2016,8168.74688944168,68.735,1219288
Timor-Leste,Asia,2017,7416.22335499345,69.007,1243261
Togo,Africa,2009,1164.34627800325,56.818000000000005,6250835
Togo,Africa,2010,1216.5089672730699,57.468,6421679
Togo,Africa,2011,1286.4704966096601,58.092,6595943
Togo,Africa,2012,1360.25754497331,58.661,6773807
Togo,Africa,2013,1430.52533324917,59.16,6954721
Togo,Africa,2014,1504.2461660203,59.58,7137997
Togo,Africa,2015,1566.9942182418602,59.927,7323158
Togo,Africa,2016,1620.70308114073,60.22,7509952
Togo,Africa,2017,1682.7492021670498,60.489,7698475
Tonga,Asia,2009,4669.99798765616,69.982,103890
Tonga,Asia,2010,4889.29852797987,70.059,103986
Tonga,Asia,2011,5151.45482498474,70.148,103562
Tonga,Asia,2012,5339.53213637772,70.242,102737
Tonga,Asia,2013,5313.805671479749,70.335,101768
Tonga,Asia,2014,5567.03541123822,70.42699999999999,101028
Tonga,Asia,2015,5849.71733506623,70.517,100781
Tonga,Asia,2016,6092.25836596059,70.607,101133
Tonga,Asia,2017,6321.60693306938,70.70100000000001,101998
Trinidad and Tobago,Americas,2009,29454.0279198752,71.71,1320930
Trinidad and Tobago,Americas,2010,30620.174802815698,71.946,1328147
Trinidad and Tobago,Americas,2011,30980.4544926655,72.17,1336178
Trinidad and Tobago,Americas,2012,31777.724191947404,72.382,1344817
Trinidad and Tobago,Americas,2013,32767.60354374,72.582,1353700
Trinidad and Tobago,Americas,2014,32854.0377123029,72.768,1362342
Trinidad and Tobago,Americas,2015,33598.7582974818,72.941,1370328
Trinidad and Tobago,Americas,2016,31588.438643126203,73.1,1377564
Trinidad and Tobago,Americas,2017,31428.7976775167,73.245,1384072
Tunisia,Africa,2009,9868.305639435679,74.88,10525694
Tunisia,Africa,2010,10227.325955176999,75.041,10635244
Tunisia,Africa,2011,10139.1314565661,75.206,10741880
Tunisia,Africa,2012,10642.5378970827,75.376,10847002
Tunisia,Africa,2013,11032.9395706924,75.55199999999999,10952951
Tunisia,Africa,2014,11460.3482642524,75.734,11063201
Tunisia,Africa,2015,11598.8603864692,75.922,11179949
Tunisia,Africa,2016,11743.489903438998,76.115,11303946
Tunisia,Africa,2017,12047.051134045802,76.31,11433443
Turkey,Europe,2009,15489.8719235994,74.074,71321399
Turkey,Europe,2010,17425.8613617493,74.507,72326988
Turkey,Europe,2011,19651.6784765047,74.944,73443863
Turkey,Europe,2012,20616.8698748977,75.373,74653016
Turkey,Europe,2013,22269.037663137402,75.78399999999999,75928564
Turkey,Europe,2014,23967.1180282777,76.172,77231907
Turkey,Europe,2015,25625.5746338527,76.532,78529409
Turkey,Europe,2016,26150.3997990425,76.86,79821724
Turkey,Europe,2017,27878.6092367084,77.161,81101892
Turkmenistan,Asia,2009,8955.28070577216,66.355,5007954
Turkmenistan,Asia,2010,9738.983106855641,66.657,5087213
Turkmenistan,Asia,2011,11212.486503722299,66.928,5174085
Turkmenistan,Asia,2012,12469.8801136798,67.167,5267900
Turkmenistan,Asia,2013,13726.372380061799,67.375,5366375
Turkmenistan,Asia,2014,15144.5454464636,67.55199999999999,5466328
Turkmenistan,Asia,2015,16011.5512129565,67.704,5565287
Turkmenistan,Asia,2016,16895.4761350372,67.835,5662372
Turkmenistan,Asia,2017,18032.2219588979,67.956,5757669
Uganda,Africa,2009,1500.17850168733,56.06,31411096
Uganda,Africa,2010,1552.93584034289,57.099,32428167
Uganda,Africa,2011,1679.93785536683,58.086999999999996,33476919
Uganda,Africa,2012,1722.1846205804502,59.016999999999996,34559168
Uganda,Africa,2013,1757.4900117372301,59.881,35695246
Uganda,Africa,2014,1820.1296663220999,60.669,36912148
Uganda,Africa,2015,1868.54715340754,61.373000000000005,38225453
Uganda,Africa,2016,1908.30026780832,61.986000000000004,39647506
Uganda,Africa,2017,1945.3586041961398,62.516000000000005,41162465
Ukraine,Europe,2009,7267.415870840479,69.19,46053300
Ukraine,Europe,2010,7664.39658209131,70.2653658536586,45870700
Ukraine,Europe,2011,8281.867126123521,70.8092682926829,45706100
Ukraine,Europe,2012,8481.77974726072,70.94414634146341,45593300
Ukraine,Europe,2013,8647.990381465408,71.159512195122,45489600
Ukraine,Europe,2014,8710.74938267596,71.1865853658537,45271947
Ukraine,Europe,2015,7972.43561151467,71.189512195122,45154029
Ukraine,Europe,2016,8289.70728764745,71.4763414634146,45004645
Ukraine,Europe,2017,8693.69364884734,71.7809756097561,44831135
United Arab Emirates,Asia,2009,56975.5293798538,76.145,7917372
United Arab Emirates,Asia,2010,54230.1736734082,76.332,8549988
United Arab Emirates,Asia,2011,56574.288175055095,76.521,8946777
United Arab Emirates,Asia,2012,58961.2020109326,76.711,9141596
United Arab Emirates,Asia,2013,62641.836986400995,76.903,9197910
United Arab Emirates,Asia,2014,66516.88225491281,77.095,9214175
United Arab Emirates,Asia,2015,70261.5350220449,77.285,9262900
United Arab Emirates,Asia,2016,72386.09046894469,77.47,9360980
United Arab Emirates,Asia,2017,73355.8769793479,77.64699999999999,9487203
United Kingdom,Europe,2009,34769.396319909305,80.05121951219509,62276270
United Kingdom,Europe,2010,36012.6768827442,80.40243902439029,62766365
United Kingdom,Europe,2011,36820.321718187995,80.9512195121951,63258918
United Kingdom,Europe,2012,37911.2580495317,80.9048780487805,63700300
United Kingdom,Europe,2013,39505.3532695162,81.0048780487805,64128226
United Kingdom,Europe,2014,40867.4760340878,81.3048780487805,64613160
United Kingdom,Europe,2015,42042.9193193389,80.95609756097559,65128861
United Kingdom,Europe,2016,42977.2206489129,81.1560975609756,65595565
United Kingdom,Europe,2017,44896.26458431059,81.1560975609756,66058859
United States,Americas,2009,47099.980471134295,78.390243902439,306771529
United States,Americas,2010,48466.8233750801,78.5414634146342,309326085
United States,Americas,2011,49883.1139837344,78.6414634146342,311580009
United States,Americas,2012,51603.4972614412,78.7414634146342,313874218
United States,Americas,2013,53106.9097703155,78.7414634146342,316057727
United States,Americas,2014,55032.9579979166,78.8414634146342,318386421
United States,Americas,2015,56803.4724334919,78.69024390243901,320742673
United States,Americas,2016,57904.2019610641,78.5390243902439,323071342
United States,Americas,2017,59927.929833953494,78.5390243902439,325147121
Uruguay,Americas,2009,15456.184661052801,76.60300000000001,3349676
Uruguay,Americas,2010,16808.2848753855,76.75,3359275
Uruguay,Americas,2011,17993.4475358742,76.882,3368934
Uruguay,Americas,2012,18930.9672972602,77.00399999999999,3378974
Uruguay,Americas,2013,20094.2937796401,77.124,3389439
Uruguay,Americas,2014,21069.2343735885,77.244,3400434
Uruguay,Americas,2015,21300.976070291003,77.369,3412009
Uruguay,Americas,2016,21820.2590104409,77.498,3424132
Uruguay,Americas,2017,22728.134750687597,77.632,3436646
Uzbekistan,Asia,2009,3893.2652489829707,69.435,27767400
Uzbekistan,Asia,2010,4153.66813719726,69.672,28562400
Uzbekistan,Asia,2011,4469.99748445762,69.91,29339400
Uzbekistan,Asia,2012,4856.35312062935,70.155,29774500
Uzbekistan,Asia,2013,5255.46181547467,70.41,30243200
Uzbekistan,Asia,2014,5643.33290307447,70.671,30757700
Uzbekistan,Asia,2015,6022.546006267421,70.928,31298900
Uzbekistan,Asia,2016,6348.102007788771,71.171,31847900
Uzbekistan,Asia,2017,6644.5688858410995,71.388,32388600
Vanuatu,Asia,2009,2882.4712241752195,68.97399999999999,230247
Vanuatu,Asia,2010,2888.73833566659,69.123,236211
Vanuatu,Asia,2011,2905.90472228551,69.27199999999999,242653
Vanuatu,Asia,2012,2930.9146179546,69.421,249499
Vanuatu,Asia,2013,2956.51626341203,69.57,256635
Vanuatu,Asia,2014,2997.9430887725703,69.719,263888
Vanuatu,Asia,2015,2925.44387434157,69.869,271130
Vanuatu,Asia,2016,2996.1834798845002,70.021,278330
Vanuatu,Asia,2017,3110.31028343763,70.172,285510
Venezuela,Americas,2009,16840.2822211172,73.116,28031009
Venezuela,Americas,2010,16541.5586784205,73.134,28439940
Venezuela,Americas,2011,17319.2896120743,73.11,28888369
Venezuela,Americas,2012,18343.4798855962,73.03699999999999,29362449
Venezuela,Americas,2013,18648.6240542983,72.918,29783571
Venezuela,Americas,2014,18102.4682923281,72.762,30045134
Vietnam,Asia,2009,4074.18424001313,74.745,87092252
Vietnam,Asia,2010,4342.75191697824,74.837,87967651
Vietnam,Asia,2011,4662.22305207602,74.904,88871561
Vietnam,Asia,2012,4949.131363069961,74.958,89802487
Vietnam,Asia,2013,5253.39751856332,75.006,90753472
Vietnam,Asia,2014,5613.6273036169605,75.056,91714595
Vietnam,Asia,2015,5989.75769026725,75.11,92677076
Vietnam,Asia,2016,6365.2894854899405,75.172,93638724
Vietnam,Asia,2017,6857.98404387187,75.241,94596642
Yemen,Asia,2009,4221.4137761127895,65.255,22516460
Yemen,Asia,2010,4472.72644791031,65.54899999999999,23154855
Yemen,Asia,2011,3876.3026188077297,65.768,23807588
Yemen,Asia,2012,3935.1671048062394,65.92,24473178
Yemen,Asia,2013,4084.8829669152396,66.016,25147109
Yemen,Asia,2014,4045.5000314352797,66.066,25823485
Yemen,Asia,2015,3320.11015559659,66.085,26497889
Yemen,Asia,2016,2827.6910225257107,66.087,27168210
Yemen,Asia,2017,2645.30838302614,66.086,27834821
Zambia,Africa,2009,3017.02457070526,54.13,13215139
Zambia,Africa,2010,3269.7943287208695,55.655,13605984
Zambia,Africa,2011,3419.0104599035303,57.126000000000005,14023193
Zambia,Africa,2012,3634.7803530802003,58.501999999999995,14465121
Zambia,Africa,2013,3765.5841620550395,59.746,14926504
Zambia,Africa,2014,3893.54947812188,60.831,15399753
Zambia,Africa,2015,3927.7618155830796,61.736999999999995,15879361
Zambia,Africa,2016,3998.00443487432,62.464,16363507
Zambia,Africa,2017,4090.12004042731,63.043,16853688
Zimbabwe,Africa,2009,1581.1615584469698,48.449,12526968
Zimbabwe,Africa,2010,1888.56673881279,50.64,12697723
Zimbabwe,Africa,2011,2168.11029336035,52.896,12894316
Zimbabwe,Africa,2012,2534.54191859812,55.032,13115131
Zimbabwe,Africa,2013,2583.98563763689,56.897,13350356
Zimbabwe,Africa,2014,2648.56896744526,58.41,13586681
Zimbabwe,Africa,2015,2679.5803171608104,59.534,13814629
Zimbabwe,Africa,2016,2687.38542890619,60.294,14030390
Zimbabwe,Africa,2017,2825.72512228756,60.812,14236745